id,target_feature
0,0.0
1,0.0
2,17.0
3,0.0
4,0.0
5,14.0
6,0.0
7,1.0
8,0.0
9,0.0
10,11.0
11,3.0
12,0.0
13,12.0
14,0.0
15,0.0
16,0.0
17,15.0
18,0.0
19,16.0
20,1.0
21,8.0
22,0.0
23,14.0
24,9.0
25,0.0
26,2.0
27,17.0
28,18.0
29,0.0
30,6.0
31,0.0
32,12.0
33,14.0
34,1.0
35,0.0
36,0.0
37,9.0
38,8.0
39,3.0
40,14.0
41,16.0
42,18.0
43,0.0
44,0.0
45,3.0
46,2.0
47,0.0
48,15.0
49,0.0
50,0.0
51,17.0
52,16.0
53,14.0
54,15.0
55,0.0
56,0.0
57,6.0
58,13.0
59,6.0
60,13.0
61,0.0
62,6.0
63,0.0
64,0.0
65,0.0
66,0.0
67,4.0
68,12.0
69,10.0
70,4.0
71,0.0
72,8.0
73,4.0
74,10.0
75,17.0
76,0.0
77,0.0
78,17.0
79,0.0
80,0.0
81,0.0
82,13.0
83,0.0
84,0.0
85,6.0
86,4.0
87,4.0
88,5.0
89,0.0
90,12.0
91,3.0
92,14.0
93,14.0
94,0.0
95,0.0
96,0.0
97,9.0
98,0.0
99,9.0
100,12.0
101,3.0
102,3.0
103,3.0
104,0.0
105,13.0
106,10.0
107,0.0
108,0.0
109,0.0
110,15.0
111,8.0
112,4.0
113,0.0
114,1.0
115,6.0
116,5.0
117,1.0
118,0.0
119,7.0
120,0.0
121,0.0
122,17.0
123,13.0
124,6.0
125,2.0
126,17.0
127,0.0
128,17.0
129,10.0
130,0.0
131,0.0
132,0.0
133,11.0
134,12.0
135,0.0
136,9.0
137,0.0
138,14.0
139,5.0
140,0.0
141,0.0
142,9.0
143,0.0
144,12.0
145,0.0
146,2.0
147,12.0
148,0.0
149,0.0
150,13.0
151,7.0
152,0.0
153,0.0
154,13.0
155,0.0
156,16.0
157,0.0
158,0.0
159,15.0
160,17.0
161,15.0
162,0.0
163,0.0
164,0.0
165,14.0
166,4.0
167,6.0
168,2.0
169,0.0
170,8.0
171,0.0
172,0.0
173,4.0
174,0.0
175,0.0
176,0.0
177,12.0
178,0.0
179,0.0
180,6.0
181,0.0
182,14.0
183,6.0
184,0.0
185,13.0
186,0.0
187,0.0
188,14.0
189,12.0
190,18.0
191,12.0
192,0.0
193,2.0
194,10.0
195,6.0
196,12.0
197,13.0
198,0.0
199,13.0
200,0.0
201,5.0
202,14.0
203,0.0
204,6.0
205,6.0
206,13.0
207,15.0
208,0.0
209,0.0
210,0.0
211,16.0
212,14.0
213,5.0
214,12.0
215,10.0
216,0.0
217,0.0
218,1.0
219,7.0
220,1.0
221,1.0
222,16.0
223,17.0
224,0.0
225,15.0
226,0.0
227,0.0
228,2.0
229,7.0
230,0.0
231,18.0
232,0.0
233,3.0
234,0.0
235,0.0
236,0.0
237,3.0
238,6.0
239,14.0
240,0.0
241,0.0
242,15.0
243,16.0
244,0.0
245,7.0
246,3.0
247,13.0
248,18.0
249,13.0
250,14.0
251,11.0
252,14.0
253,0.0
254,18.0
255,7.0
256,1.0
257,6.0
258,0.0
259,0.0
260,11.0
261,17.0
262,0.0
263,9.0
264,8.0
265,7.0
266,9.0
267,14.0
268,0.0
269,10.0
270,0.0
271,12.0
272,18.0
273,0.0
274,0.0
275,11.0
276,9.0
277,12.0
278,0.0
279,0.0
280,0.0
281,0.0
282,18.0
283,0.0
284,0.0
285,13.0
286,9.0
287,4.0
288,5.0
289,11.0
290,9.0
291,6.0
292,0.0
293,0.0
294,0.0
295,10.0
296,0.0
297,12.0
298,16.0
299,6.0
300,14.0
301,9.0
302,15.0
303,8.0
304,1.0
305,0.0
306,5.0
307,13.0
308,2.0
309,10.0
310,0.0
311,0.0
312,0.0
313,5.0
314,0.0
315,0.0
316,18.0
317,9.0
318,14.0
319,9.0
320,5.0
321,14.0
322,2.0
323,0.0
324,0.0
325,0.0
326,2.0
327,0.0
328,5.0
329,3.0
330,0.0
331,12.0
332,0.0
333,0.0
334,7.0
335,16.0
336,0.0
337,15.0
338,8.0
339,0.0
340,0.0
341,0.0
342,0.0
343,1.0
344,0.0
345,0.0
346,0.0
347,5.0
348,13.0
349,8.0
350,0.0
351,0.0
352,14.0
353,0.0
354,18.0
355,3.0
356,7.0
357,12.0
358,18.0
359,0.0
360,0.0
361,0.0
362,5.0
363,0.0
364,0.0
365,0.0
366,4.0
367,0.0
368,8.0
369,5.0
370,11.0
371,0.0
372,2.0
373,1.0
374,5.0
375,0.0
376,0.0
377,0.0
378,15.0
379,8.0
380,7.0
381,11.0
382,7.0
383,0.0
384,0.0
385,10.0
386,14.0
387,16.0
388,0.0
389,2.0
390,0.0
391,0.0
392,6.0
393,15.0
394,0.0
395,0.0
396,18.0
397,7.0
398,13.0
399,10.0
400,5.0
401,7.0
402,5.0
403,6.0
404,12.0
405,8.0
406,0.0
407,16.0
408,0.0
409,2.0
410,16.0
411,0.0
412,0.0
413,5.0
414,9.0
415,15.0
416,13.0
417,4.0
418,18.0
419,2.0
420,0.0
421,0.0
422,18.0
423,0.0
424,3.0
425,1.0
426,0.0
427,8.0
428,1.0
429,5.0
430,0.0
431,0.0
432,0.0
433,17.0
434,5.0
435,0.0
436,0.0
437,18.0
438,0.0
439,0.0
440,2.0
441,16.0
442,0.0
443,0.0
444,0.0
445,9.0
446,0.0
447,0.0
448,0.0
449,0.0
450,4.0
451,0.0
452,3.0
453,0.0
454,0.0
455,0.0
456,4.0
457,0.0
458,0.0
459,0.0
460,0.0
461,13.0
462,1.0
463,8.0
464,13.0
465,0.0
466,0.0
467,0.0
468,0.0
469,12.0
470,0.0
471,17.0
472,18.0
473,9.0
474,6.0
475,1.0
476,7.0
477,0.0
478,0.0
479,0.0
480,12.0
481,13.0
482,14.0
483,11.0
484,6.0
485,15.0
486,11.0
487,0.0
488,16.0
489,3.0
490,17.0
491,18.0
492,0.0
493,0.0
494,0.0
495,0.0
496,18.0
497,4.0
498,0.0
499,17.0
500,0.0
501,2.0
502,12.0
503,14.0
504,0.0
505,0.0
506,4.0
507,0.0
508,7.0
509,9.0
510,0.0
511,0.0
512,3.0
513,0.0
514,0.0
515,0.0
516,0.0
517,9.0
518,12.0
519,17.0
520,11.0
521,1.0
522,6.0
523,0.0
524,0.0
525,17.0
526,0.0
527,5.0
528,0.0
529,8.0
530,7.0
531,10.0
532,0.0
533,6.0
534,9.0
535,0.0
536,16.0
537,0.0
538,6.0
539,1.0
540,3.0
541,10.0
542,15.0
543,0.0
544,0.0
545,5.0
546,0.0
547,0.0
548,0.0
549,0.0
550,0.0
551,7.0
552,16.0
553,0.0
554,13.0
555,0.0
556,0.0
557,0.0
558,1.0
559,5.0
560,0.0
561,17.0
562,5.0
563,1.0
564,1.0
565,12.0
566,5.0
567,13.0
568,12.0
569,5.0
570,1.0
571,16.0
572,13.0
573,17.0
574,0.0
575,0.0
576,10.0
577,0.0
578,0.0
579,7.0
580,0.0
581,12.0
582,0.0
583,5.0
584,2.0
585,0.0
586,17.0
587,14.0
588,3.0
589,0.0
590,18.0
591,14.0
592,0.0
593,0.0
594,9.0
595,0.0
596,0.0
597,14.0
598,0.0
599,15.0
600,16.0
601,0.0
602,0.0
603,0.0
604,12.0
605,16.0
606,0.0
607,2.0
608,0.0
609,0.0
610,0.0
611,0.0
612,12.0
613,5.0
614,0.0
615,0.0
616,0.0
617,13.0
618,0.0
619,0.0
620,0.0
621,4.0
622,7.0
623,13.0
624,0.0
625,0.0
626,1.0
627,0.0
628,0.0
629,15.0
630,0.0
631,0.0
632,2.0
633,0.0
634,0.0
635,0.0
636,1.0
637,0.0
638,0.0
639,0.0
640,15.0
641,0.0
642,5.0
643,5.0
644,17.0
645,2.0
646,2.0
647,12.0
648,14.0
649,15.0
650,1.0
651,10.0
652,15.0
653,0.0
654,8.0
655,0.0
656,0.0
657,7.0
658,0.0
659,0.0
660,0.0
661,6.0
662,17.0
663,13.0
664,13.0
665,17.0
666,0.0
667,5.0
668,9.0
669,1.0
670,0.0
671,12.0
672,0.0
673,0.0
674,0.0
675,9.0
676,0.0
677,0.0
678,13.0
679,13.0
680,8.0
681,0.0
682,1.0
683,0.0
684,0.0
685,0.0
686,14.0
687,12.0
688,16.0
689,11.0
690,7.0
691,0.0
692,3.0
693,2.0
694,11.0
695,17.0
696,15.0
697,3.0
698,0.0
699,0.0
700,13.0
701,0.0
702,0.0
703,0.0
704,1.0
705,6.0
706,0.0
707,5.0
708,9.0
709,0.0
710,9.0
711,0.0
712,0.0
713,0.0
714,0.0
715,0.0
716,0.0
717,13.0
718,0.0
719,2.0
720,0.0
721,0.0
722,0.0
723,11.0
724,0.0
725,15.0
726,0.0
727,1.0
728,0.0
729,0.0
730,0.0
731,2.0
732,0.0
733,0.0
734,0.0
735,3.0
736,0.0
737,0.0
738,0.0
739,7.0
740,0.0
741,0.0
742,2.0
743,0.0
744,9.0
745,5.0
746,0.0
747,0.0
748,3.0
749,0.0
750,7.0
751,0.0
752,16.0
753,0.0
754,5.0
755,18.0
756,15.0
757,5.0
758,14.0
759,0.0
760,18.0
761,0.0
762,4.0
763,0.0
764,17.0
765,0.0
766,7.0
767,15.0
768,0.0
769,12.0
770,13.0
771,16.0
772,8.0
773,1.0
774,0.0
775,0.0
776,15.0
777,12.0
778,0.0
779,3.0
780,0.0
781,0.0
782,0.0
783,0.0
784,0.0
785,0.0
786,0.0
787,17.0
788,0.0
789,0.0
790,13.0
791,9.0
792,14.0
793,18.0
794,14.0
795,14.0
796,2.0
797,13.0
798,4.0
799,0.0
800,13.0
801,0.0
802,1.0
803,16.0
804,0.0
805,15.0
806,5.0
807,10.0
808,0.0
809,18.0
810,0.0
811,0.0
812,0.0
813,15.0
814,14.0
815,0.0
816,0.0
817,13.0
818,16.0
819,0.0
820,0.0
821,14.0
822,17.0
823,9.0
824,0.0
825,16.0
826,0.0
827,18.0
828,14.0
829,18.0
830,0.0
831,8.0
832,5.0
833,4.0
834,15.0
835,0.0
836,0.0
837,2.0
838,16.0
839,0.0
840,0.0
841,0.0
842,0.0
843,0.0
844,0.0
845,0.0
846,0.0
847,16.0
848,1.0
849,0.0
850,0.0
851,14.0
852,18.0
853,11.0
854,13.0
855,4.0
856,0.0
857,0.0
858,0.0
859,15.0
860,10.0
861,0.0
862,0.0
863,7.0
864,5.0
865,10.0
866,2.0
867,12.0
868,0.0
869,17.0
870,0.0
871,0.0
872,0.0
873,4.0
874,3.0
875,0.0
876,10.0
877,0.0
878,1.0
879,4.0
880,1.0
881,0.0
882,2.0
883,0.0
884,0.0
885,0.0
886,9.0
887,0.0
888,13.0
889,9.0
890,12.0
891,15.0
892,13.0
893,11.0
894,0.0
895,0.0
896,18.0
897,9.0
898,14.0
899,0.0
900,16.0
901,0.0
902,0.0
903,0.0
904,16.0
905,9.0
906,16.0
907,17.0
908,0.0
909,14.0
910,0.0
911,0.0
912,16.0
913,0.0
914,12.0
915,10.0
916,18.0
917,4.0
918,4.0
919,0.0
920,10.0
921,4.0
922,12.0
923,0.0
924,0.0
925,0.0
926,0.0
927,9.0
928,7.0
929,4.0
930,5.0
931,13.0
932,3.0
933,1.0
934,3.0
935,0.0
936,5.0
937,0.0
938,8.0
939,0.0
940,0.0
941,12.0
942,15.0
943,14.0
944,2.0
945,0.0
946,17.0
947,5.0
948,0.0
949,5.0
950,0.0
951,0.0
952,9.0
953,5.0
954,7.0
955,0.0
956,11.0
957,5.0
958,5.0
959,0.0
960,0.0
961,0.0
962,11.0
963,0.0
964,5.0
965,0.0
966,0.0
967,16.0
968,5.0
969,0.0
970,7.0
971,0.0
972,15.0
973,17.0
974,10.0
975,2.0
976,0.0
977,3.0
978,8.0
979,9.0
980,0.0
981,14.0
982,0.0
983,0.0
984,0.0
985,9.0
986,8.0
987,0.0
988,2.0
989,1.0
990,0.0
991,1.0
992,6.0
993,4.0
994,0.0
995,0.0
996,9.0
997,0.0
998,12.0
999,0.0
1000,0.0
1001,1.0
1002,1.0
1003,0.0
1004,0.0
1005,16.0
1006,0.0
1007,16.0
1008,0.0
1009,2.0
1010,0.0
1011,13.0
1012,10.0
1013,0.0
1014,15.0
1015,3.0
1016,9.0
1017,0.0
1018,0.0
1019,18.0
1020,16.0
1021,1.0
1022,15.0
1023,0.0
1024,13.0
1025,0.0
1026,0.0
1027,9.0
1028,0.0
1029,15.0
1030,7.0
1031,1.0
1032,0.0
1033,0.0
1034,18.0
1035,15.0
1036,14.0
1037,14.0
1038,0.0
1039,11.0
1040,15.0
1041,5.0
1042,2.0
1043,0.0
1044,0.0
1045,7.0
1046,4.0
1047,6.0
1048,11.0
1049,12.0
1050,0.0
1051,11.0
1052,9.0
1053,0.0
1054,13.0
1055,12.0
1056,0.0
1057,0.0
1058,16.0
1059,10.0
1060,14.0
1061,0.0
1062,0.0
1063,0.0
1064,17.0
1065,0.0
1066,2.0
1067,0.0
1068,0.0
1069,1.0
1070,0.0
1071,15.0
1072,13.0
1073,0.0
1074,5.0
1075,1.0
1076,18.0
1077,0.0
1078,15.0
1079,16.0
1080,1.0
1081,6.0
1082,13.0
1083,5.0
1084,0.0
1085,0.0
1086,16.0
1087,2.0
1088,15.0
1089,0.0
1090,0.0
1091,4.0
1092,11.0
1093,5.0
1094,2.0
1095,0.0
1096,9.0
1097,5.0
1098,0.0
1099,14.0
1100,0.0
1101,0.0
1102,4.0
1103,0.0
1104,14.0
1105,0.0
1106,18.0
1107,18.0
1108,0.0
1109,0.0
1110,0.0
1111,4.0
1112,1.0
1113,7.0
1114,0.0
1115,5.0
1116,1.0
1117,0.0
1118,18.0
1119,0.0
1120,16.0
1121,8.0
1122,0.0
1123,12.0
1124,10.0
1125,0.0
1126,13.0
1127,16.0
1128,1.0
1129,0.0
1130,0.0
1131,0.0
1132,0.0
1133,11.0
1134,17.0
1135,0.0
1136,0.0
1137,0.0
1138,0.0
1139,0.0
1140,0.0
1141,12.0
1142,1.0
1143,0.0
1144,16.0
1145,18.0
1146,0.0
1147,4.0
1148,0.0
1149,8.0
1150,0.0
1151,0.0
1152,5.0
1153,18.0
1154,0.0
1155,15.0
1156,15.0
1157,14.0
1158,4.0
1159,17.0
1160,6.0
1161,6.0
1162,0.0
1163,0.0
1164,0.0
1165,7.0
1166,0.0
1167,0.0
1168,11.0
1169,10.0
1170,0.0
1171,11.0
1172,3.0
1173,14.0
1174,9.0
1175,3.0
1176,12.0
1177,18.0
1178,0.0
1179,5.0
1180,16.0
1181,14.0
1182,0.0
1183,8.0
1184,4.0
1185,17.0
1186,1.0
1187,0.0
1188,15.0
1189,0.0
1190,12.0
1191,0.0
1192,0.0
1193,0.0
1194,7.0
1195,2.0
1196,0.0
1197,0.0
1198,0.0
1199,6.0
1200,13.0
1201,15.0
1202,0.0
1203,0.0
1204,17.0
1205,0.0
1206,9.0
1207,12.0
1208,1.0
1209,14.0
1210,0.0
1211,0.0
1212,0.0
1213,0.0
1214,0.0
1215,12.0
1216,17.0
1217,0.0
1218,6.0
1219,1.0
1220,0.0
1221,13.0
1222,8.0
1223,0.0
1224,17.0
1225,7.0
1226,1.0
1227,0.0
1228,0.0
1229,0.0
1230,13.0
1231,18.0
1232,0.0
1233,0.0
1234,0.0
1235,10.0
1236,0.0
1237,5.0
1238,5.0
1239,0.0
1240,6.0
1241,0.0
1242,8.0
1243,3.0
1244,0.0
1245,17.0
1246,3.0
1247,0.0
1248,17.0
1249,14.0
1250,0.0
1251,0.0
1252,15.0
1253,16.0
1254,0.0
1255,0.0
1256,0.0
1257,3.0
1258,0.0
1259,12.0
1260,0.0
1261,0.0
1262,18.0
1263,8.0
1264,13.0
1265,0.0
1266,7.0
1267,0.0
1268,12.0
1269,18.0
1270,0.0
1271,1.0
1272,15.0
1273,0.0
1274,11.0
1275,0.0
1276,0.0
1277,3.0
1278,13.0
1279,0.0
1280,0.0
1281,13.0
1282,13.0
1283,10.0
1284,0.0
1285,0.0
1286,9.0
1287,16.0
1288,2.0
1289,17.0
1290,12.0
1291,15.0
1292,10.0
1293,13.0
1294,6.0
1295,8.0
1296,5.0
1297,8.0
1298,0.0
1299,0.0
1300,0.0
1301,18.0
1302,0.0
1303,12.0
1304,1.0
1305,0.0
1306,9.0
1307,6.0
1308,0.0
1309,2.0
1310,0.0
1311,6.0
1312,0.0
1313,1.0
1314,13.0
1315,7.0
1316,0.0
1317,8.0
1318,0.0
1319,4.0
1320,0.0
1321,15.0
1322,14.0
1323,0.0
1324,15.0
1325,0.0
1326,0.0
1327,0.0
1328,12.0
1329,5.0
1330,10.0
1331,14.0
1332,16.0
1333,0.0
1334,0.0
1335,3.0
1336,0.0
1337,0.0
1338,0.0
1339,5.0
1340,0.0
1341,18.0
1342,0.0
1343,3.0
1344,0.0
1345,2.0
1346,0.0
1347,0.0
1348,2.0
1349,15.0
1350,14.0
1351,0.0
1352,13.0
1353,0.0
1354,0.0
1355,0.0
1356,12.0
1357,14.0
1358,14.0
1359,1.0
1360,10.0
1361,14.0
1362,5.0
1363,11.0
1364,5.0
1365,0.0
1366,15.0
1367,0.0
1368,15.0
1369,16.0
1370,0.0
1371,0.0
1372,14.0
1373,5.0
1374,0.0
1375,6.0
1376,4.0
1377,14.0
1378,12.0
1379,9.0
1380,4.0
1381,0.0
1382,0.0
1383,6.0
1384,0.0
1385,0.0
1386,6.0
1387,0.0
1388,4.0
1389,0.0
1390,0.0
1391,2.0
1392,0.0
1393,13.0
1394,0.0
1395,8.0
1396,10.0
1397,10.0
1398,5.0
1399,0.0
1400,13.0
1401,0.0
1402,4.0
1403,0.0
1404,8.0
1405,13.0
1406,0.0
1407,0.0
1408,3.0
1409,15.0
1410,0.0
1411,5.0
1412,16.0
1413,2.0
1414,0.0
1415,0.0
1416,1.0
1417,0.0
1418,0.0
1419,0.0
1420,11.0
1421,0.0
1422,0.0
1423,11.0
1424,18.0
1425,6.0
1426,0.0
1427,18.0
1428,0.0
1429,17.0
1430,16.0
1431,2.0
1432,0.0
1433,16.0
1434,0.0
1435,0.0
1436,0.0
1437,0.0
1438,0.0
1439,0.0
1440,0.0
1441,6.0
1442,0.0
1443,4.0
1444,0.0
1445,0.0
1446,10.0
1447,1.0
1448,14.0
1449,9.0
1450,14.0
1451,0.0
1452,0.0
1453,0.0
1454,16.0
1455,7.0
1456,0.0
1457,18.0
1458,6.0
1459,0.0
1460,9.0
1461,0.0
1462,8.0
1463,18.0
1464,0.0
1465,11.0
1466,11.0
1467,17.0
1468,8.0
1469,0.0
1470,0.0
1471,3.0
1472,9.0
1473,13.0
1474,1.0
1475,4.0
1476,2.0
1477,0.0
1478,9.0
1479,9.0
1480,0.0
1481,14.0
1482,0.0
1483,1.0
1484,0.0
1485,13.0
1486,12.0
1487,4.0
1488,0.0
1489,1.0
1490,12.0
1491,12.0
1492,0.0
1493,9.0
1494,0.0
1495,0.0
1496,8.0
1497,13.0
1498,0.0
1499,0.0
1500,15.0
1501,0.0
1502,0.0
1503,0.0
1504,0.0
1505,12.0
1506,14.0
1507,15.0
1508,13.0
1509,4.0
1510,2.0
1511,3.0
1512,0.0
1513,0.0
1514,2.0
1515,0.0
1516,14.0
1517,13.0
1518,0.0
1519,0.0
1520,9.0
1521,9.0
1522,17.0
1523,0.0
1524,0.0
1525,17.0
1526,8.0
1527,8.0
1528,16.0
1529,0.0
1530,0.0
1531,0.0
1532,0.0
1533,0.0
1534,10.0
1535,0.0
1536,3.0
1537,0.0
1538,7.0
1539,7.0
1540,0.0
1541,17.0
1542,16.0
1543,4.0
1544,14.0
1545,0.0
1546,16.0
1547,0.0
1548,0.0
1549,1.0
1550,0.0
1551,0.0
1552,0.0
1553,0.0
1554,9.0
1555,5.0
1556,17.0
1557,14.0
1558,13.0
1559,2.0
1560,1.0
1561,3.0
1562,16.0
1563,0.0
1564,0.0
1565,0.0
1566,3.0
1567,0.0
1568,0.0
1569,0.0
1570,12.0
1571,15.0
1572,2.0
1573,17.0
1574,0.0
1575,0.0
1576,0.0
1577,16.0
1578,7.0
1579,12.0
1580,0.0
1581,11.0
1582,8.0
1583,6.0
1584,5.0
1585,13.0
1586,6.0
1587,0.0
1588,13.0
1589,12.0
1590,0.0
1591,16.0
1592,4.0
1593,0.0
1594,0.0
1595,0.0
1596,0.0
1597,18.0
1598,0.0
1599,0.0
1600,6.0
1601,0.0
1602,0.0
1603,0.0
1604,0.0
1605,2.0
1606,14.0
1607,0.0
1608,0.0
1609,8.0
1610,14.0
1611,0.0
1612,13.0
1613,0.0
1614,18.0
1615,8.0
1616,2.0
1617,0.0
1618,17.0
1619,0.0
1620,6.0
1621,2.0
1622,15.0
1623,0.0
1624,0.0
1625,0.0
1626,16.0
1627,15.0
1628,4.0
1629,0.0
1630,0.0
1631,16.0
1632,15.0
1633,0.0
1634,0.0
1635,5.0
1636,0.0
1637,0.0
1638,0.0
1639,0.0
1640,13.0
1641,5.0
1642,0.0
1643,7.0
1644,11.0
1645,6.0
1646,0.0
1647,0.0
1648,18.0
1649,11.0
1650,4.0
1651,0.0
1652,6.0
1653,0.0
1654,16.0
1655,16.0
1656,11.0
1657,0.0
1658,0.0
1659,2.0
1660,0.0
1661,0.0
1662,15.0
1663,0.0
1664,14.0
1665,14.0
1666,16.0
1667,1.0
1668,0.0
1669,4.0
1670,15.0
1671,0.0
1672,0.0
1673,0.0
1674,17.0
1675,10.0
1676,1.0
1677,2.0
1678,12.0
1679,0.0
1680,4.0
1681,0.0
1682,10.0
1683,4.0
1684,12.0
1685,14.0
1686,17.0
1687,0.0
1688,0.0
1689,0.0
1690,0.0
1691,0.0
1692,0.0
1693,0.0
1694,0.0
1695,6.0
1696,9.0
1697,0.0
1698,12.0
1699,12.0
1700,0.0
1701,2.0
1702,0.0
1703,3.0
1704,7.0
1705,0.0
1706,18.0
1707,0.0
1708,4.0
1709,3.0
1710,2.0
1711,5.0
1712,0.0
1713,17.0
1714,0.0
1715,7.0
1716,14.0
1717,0.0
1718,1.0
1719,12.0
1720,11.0
1721,2.0
1722,5.0
1723,0.0
1724,0.0
1725,0.0
1726,13.0
1727,4.0
1728,0.0
1729,9.0
1730,0.0
1731,0.0
1732,12.0
1733,4.0
1734,0.0
1735,0.0
1736,0.0
1737,5.0
1738,5.0
1739,8.0
1740,0.0
1741,13.0
1742,17.0
1743,0.0
1744,0.0
1745,17.0
1746,0.0
1747,10.0
1748,8.0
1749,0.0
1750,16.0
1751,10.0
1752,0.0
1753,0.0
1754,0.0
1755,17.0
1756,6.0
1757,0.0
1758,14.0
1759,15.0
1760,0.0
1761,0.0
1762,0.0
1763,9.0
1764,0.0
1765,13.0
1766,13.0
1767,0.0
1768,15.0
1769,7.0
1770,12.0
1771,10.0
1772,4.0
1773,14.0
1774,18.0
1775,0.0
1776,6.0
1777,0.0
1778,10.0
1779,17.0
1780,16.0
1781,13.0
1782,0.0
1783,0.0
1784,5.0
1785,0.0
1786,10.0
1787,0.0
1788,6.0
1789,0.0
1790,7.0
1791,0.0
1792,7.0
1793,13.0
1794,12.0
1795,2.0
1796,2.0
1797,5.0
1798,1.0
1799,10.0
1800,6.0
1801,15.0
1802,0.0
1803,4.0
1804,12.0
1805,0.0
1806,5.0
1807,16.0
1808,15.0
1809,0.0
1810,13.0
1811,16.0
1812,0.0
1813,0.0
1814,0.0
1815,8.0
1816,0.0
1817,0.0
1818,0.0
1819,0.0
1820,13.0
1821,10.0
1822,17.0
1823,11.0
1824,1.0
1825,18.0
1826,4.0
1827,0.0
1828,10.0
1829,16.0
1830,0.0
1831,0.0
1832,10.0
1833,0.0
1834,3.0
1835,11.0
1836,17.0
1837,4.0
1838,3.0
1839,3.0
1840,0.0
1841,0.0
1842,17.0
1843,0.0
1844,13.0
1845,1.0
1846,17.0
1847,0.0
1848,0.0
1849,0.0
1850,14.0
1851,5.0
1852,7.0
1853,0.0
1854,0.0
1855,0.0
1856,0.0
1857,15.0
1858,0.0
1859,0.0
1860,9.0
1861,0.0
1862,10.0
1863,4.0
1864,9.0
1865,2.0
1866,3.0
1867,0.0
1868,0.0
1869,0.0
1870,5.0
1871,12.0
1872,2.0
1873,2.0
1874,14.0
1875,15.0
1876,2.0
1877,2.0
1878,0.0
1879,0.0
1880,0.0
1881,0.0
1882,15.0
1883,13.0
1884,1.0
1885,1.0
1886,0.0
1887,8.0
1888,0.0
1889,0.0
1890,14.0
1891,0.0
1892,2.0
1893,12.0
1894,12.0
1895,0.0
1896,18.0
1897,15.0
1898,18.0
1899,13.0
1900,13.0
1901,14.0
1902,0.0
1903,0.0
1904,18.0
1905,14.0
1906,9.0
1907,0.0
1908,0.0
1909,0.0
1910,0.0
1911,0.0
1912,10.0
1913,0.0
1914,0.0
1915,0.0
1916,0.0
1917,0.0
1918,5.0
1919,3.0
1920,0.0
1921,4.0
1922,0.0
1923,13.0
1924,2.0
1925,0.0
1926,0.0
1927,10.0
1928,2.0
1929,0.0
1930,3.0
1931,14.0
1932,18.0
1933,0.0
1934,2.0
1935,0.0
1936,0.0
1937,0.0
1938,17.0
1939,18.0
1940,12.0
1941,16.0
1942,0.0
1943,0.0
1944,0.0
1945,0.0
1946,11.0
1947,0.0
1948,18.0
1949,0.0
1950,11.0
1951,13.0
1952,6.0
1953,0.0
1954,0.0
1955,4.0
1956,1.0
1957,6.0
1958,7.0
1959,0.0
1960,0.0
1961,0.0
1962,4.0
1963,14.0
1964,7.0
1965,0.0
1966,0.0
1967,0.0
1968,0.0
1969,15.0
1970,11.0
1971,0.0
1972,11.0
1973,18.0
1974,0.0
1975,3.0
1976,15.0
1977,1.0
1978,5.0
1979,0.0
1980,2.0
1981,8.0
1982,16.0
1983,12.0
1984,9.0
1985,5.0
1986,4.0
1987,12.0
1988,0.0
1989,14.0
1990,1.0
1991,13.0
1992,18.0
1993,0.0
1994,0.0
1995,0.0
1996,0.0
1997,3.0
1998,8.0
1999,0.0
2000,12.0
2001,0.0
2002,1.0
2003,2.0
2004,1.0
2005,13.0
2006,0.0
2007,7.0
2008,0.0
2009,17.0
2010,0.0
2011,18.0
2012,0.0
2013,0.0
2014,0.0
2015,0.0
2016,0.0
2017,6.0
2018,2.0
2019,0.0
2020,0.0
2021,13.0
2022,0.0
2023,5.0
2024,18.0
2025,11.0
2026,5.0
2027,0.0
2028,0.0
2029,15.0
2030,0.0
2031,0.0
2032,6.0
2033,15.0
2034,0.0
2035,11.0
2036,3.0
2037,18.0
2038,0.0
2039,14.0
2040,10.0
2041,17.0
2042,0.0
2043,0.0
2044,0.0
2045,13.0
2046,1.0
2047,0.0
2048,0.0
2049,0.0
2050,16.0
2051,9.0
2052,15.0
2053,9.0
2054,5.0
2055,0.0
2056,1.0
2057,7.0
2058,0.0
2059,0.0
2060,14.0
2061,12.0
2062,5.0
2063,16.0
2064,0.0
2065,16.0
2066,0.0
2067,0.0
2068,15.0
2069,14.0
2070,15.0
2071,1.0
2072,9.0
2073,0.0
2074,0.0
2075,9.0
2076,0.0
2077,14.0
2078,0.0
2079,0.0
2080,14.0
2081,15.0
2082,9.0
2083,0.0
2084,0.0
2085,0.0
2086,0.0
2087,0.0
2088,0.0
2089,0.0
2090,0.0
2091,0.0
2092,2.0
2093,11.0
2094,0.0
2095,0.0
2096,12.0
2097,2.0
2098,2.0
2099,0.0
2100,0.0
2101,11.0
2102,7.0
2103,0.0
2104,9.0
2105,12.0
2106,12.0
2107,4.0
2108,7.0
2109,0.0
2110,0.0
2111,5.0
2112,0.0
2113,1.0
2114,14.0
2115,3.0
2116,14.0
2117,0.0
2118,18.0
2119,0.0
2120,0.0
2121,6.0
2122,2.0
2123,11.0
2124,4.0
2125,4.0
2126,0.0
2127,0.0
2128,0.0
2129,15.0
2130,0.0
2131,9.0
2132,6.0
2133,9.0
2134,18.0
2135,14.0
2136,5.0
2137,2.0
2138,3.0
2139,17.0
2140,6.0
2141,16.0
2142,5.0
2143,0.0
2144,18.0
2145,15.0
2146,0.0
2147,0.0
2148,4.0
2149,10.0
2150,0.0
2151,0.0
2152,10.0
2153,18.0
2154,0.0
2155,0.0
2156,0.0
2157,6.0
2158,13.0
2159,2.0
2160,0.0
2161,16.0
2162,15.0
2163,0.0
2164,0.0
2165,4.0
2166,12.0
2167,2.0
2168,0.0
2169,0.0
2170,18.0
2171,16.0
2172,0.0
2173,0.0
2174,14.0
2175,0.0
2176,0.0
2177,0.0
2178,5.0
2179,0.0
2180,0.0
2181,9.0
2182,0.0
2183,9.0
2184,0.0
2185,14.0
2186,1.0
2187,5.0
2188,6.0
2189,3.0
2190,8.0
2191,0.0
2192,0.0
2193,0.0
2194,13.0
2195,16.0
2196,0.0
2197,11.0
2198,0.0
2199,8.0
2200,2.0
2201,9.0
2202,5.0
2203,14.0
2204,0.0
2205,0.0
2206,0.0
2207,0.0
2208,0.0
2209,0.0
2210,6.0
2211,8.0
2212,4.0
2213,0.0
2214,0.0
2215,3.0
2216,14.0
2217,9.0
2218,0.0
2219,0.0
2220,0.0
2221,0.0
2222,9.0
2223,0.0
2224,0.0
2225,0.0
2226,13.0
2227,0.0
2228,0.0
2229,7.0
2230,0.0
2231,9.0
2232,0.0
2233,0.0
2234,14.0
2235,6.0
2236,0.0
2237,0.0
2238,0.0
2239,6.0
2240,4.0
2241,0.0
2242,0.0
2243,0.0
2244,0.0
2245,1.0
2246,12.0
2247,0.0
2248,0.0
2249,0.0
2250,17.0
2251,0.0
2252,0.0
2253,0.0
2254,18.0
2255,11.0
2256,3.0
2257,0.0
2258,0.0
2259,0.0
2260,0.0
2261,11.0
2262,0.0
2263,0.0
2264,0.0
2265,2.0
2266,15.0
2267,0.0
2268,16.0
2269,0.0
2270,13.0
2271,0.0
2272,0.0
2273,5.0
2274,7.0
2275,8.0
2276,18.0
2277,4.0
2278,0.0
2279,14.0
2280,0.0
2281,14.0
2282,16.0
2283,0.0
2284,0.0
2285,0.0
2286,0.0
2287,0.0
2288,11.0
2289,2.0
2290,0.0
2291,0.0
2292,0.0
2293,0.0
2294,0.0
2295,17.0
2296,0.0
2297,0.0
2298,15.0
2299,7.0
2300,15.0
2301,0.0
2302,0.0
2303,0.0
2304,2.0
2305,0.0
2306,0.0
2307,0.0
2308,0.0
2309,8.0
2310,16.0
2311,2.0
2312,10.0
2313,0.0
2314,0.0
2315,0.0
2316,0.0
2317,1.0
2318,9.0
2319,15.0
2320,12.0
2321,8.0
2322,4.0
2323,0.0
2324,12.0
2325,0.0
2326,0.0
2327,15.0
2328,0.0
2329,2.0
2330,0.0
2331,7.0
2332,0.0
2333,0.0
2334,0.0
2335,2.0
2336,1.0
2337,0.0
2338,8.0
2339,0.0
2340,0.0
2341,12.0
2342,5.0
2343,7.0
2344,11.0
2345,2.0
2346,9.0
2347,17.0
2348,3.0
2349,0.0
2350,0.0
2351,0.0
2352,0.0
2353,10.0
2354,17.0
2355,10.0
2356,16.0
2357,13.0
2358,0.0
2359,9.0
2360,0.0
2361,7.0
2362,11.0
2363,9.0
2364,2.0
2365,13.0
2366,2.0
2367,0.0
2368,13.0
2369,3.0
2370,9.0
2371,13.0
2372,12.0
2373,16.0
2374,8.0
2375,1.0
2376,0.0
2377,0.0
2378,10.0
2379,0.0
2380,0.0
2381,0.0
2382,0.0
2383,0.0
2384,0.0
2385,0.0
2386,0.0
2387,6.0
2388,0.0
2389,4.0
2390,15.0
2391,5.0
2392,4.0
2393,17.0
2394,11.0
2395,1.0
2396,0.0
2397,3.0
2398,17.0
2399,0.0
2400,17.0
2401,0.0
2402,0.0
2403,0.0
2404,17.0
2405,12.0
2406,5.0
2407,18.0
2408,13.0
2409,0.0
2410,0.0
2411,0.0
2412,12.0
2413,14.0
2414,15.0
2415,4.0
2416,11.0
2417,0.0
2418,7.0
2419,0.0
2420,5.0
2421,4.0
2422,12.0
2423,0.0
2424,0.0
2425,0.0
2426,7.0
2427,0.0
2428,6.0
2429,9.0
2430,0.0
2431,0.0
2432,1.0
2433,4.0
2434,4.0
2435,15.0
2436,0.0
2437,0.0
2438,0.0
2439,8.0
2440,0.0
2441,8.0
2442,0.0
2443,0.0
2444,0.0
2445,18.0
2446,11.0
2447,0.0
2448,2.0
2449,17.0
2450,0.0
2451,6.0
2452,0.0
2453,3.0
2454,0.0
2455,4.0
2456,3.0
2457,12.0
2458,0.0
2459,17.0
2460,14.0
2461,0.0
2462,10.0
2463,0.0
2464,0.0
2465,0.0
2466,0.0
2467,5.0
2468,12.0
2469,0.0
2470,0.0
2471,15.0
2472,0.0
2473,0.0
2474,0.0
2475,15.0
2476,13.0
2477,0.0
2478,0.0
2479,10.0
2480,2.0
2481,15.0
2482,14.0
2483,0.0
2484,0.0
2485,14.0
2486,0.0
2487,18.0
2488,0.0
2489,2.0
2490,15.0
2491,0.0
2492,8.0
2493,2.0
2494,14.0
2495,0.0
2496,2.0
2497,18.0
2498,0.0
2499,0.0
2500,10.0
2501,0.0
2502,0.0
2503,14.0
2504,4.0
2505,0.0
2506,8.0
2507,0.0
2508,13.0
2509,5.0
2510,0.0
2511,6.0
2512,0.0
2513,13.0
2514,0.0
2515,0.0
2516,0.0
2517,17.0
2518,1.0
2519,0.0
2520,0.0
2521,1.0
2522,18.0
2523,0.0
2524,7.0
2525,0.0
2526,0.0
2527,8.0
2528,13.0
2529,10.0
2530,4.0
2531,1.0
2532,1.0
2533,0.0
2534,0.0
2535,0.0
2536,0.0
2537,0.0
2538,0.0
2539,5.0
2540,9.0
2541,18.0
2542,7.0
2543,9.0
2544,16.0
2545,12.0
2546,0.0
2547,0.0
2548,0.0
2549,0.0
2550,0.0
2551,12.0
2552,4.0
2553,13.0
2554,14.0
2555,0.0
2556,9.0
2557,4.0
2558,13.0
2559,2.0
2560,9.0
2561,0.0
2562,0.0
2563,10.0
2564,13.0
2565,0.0
2566,0.0
2567,0.0
2568,9.0
2569,2.0
2570,18.0
2571,12.0
2572,0.0
2573,14.0
2574,0.0
2575,0.0
2576,0.0
2577,3.0
2578,0.0
2579,0.0
2580,0.0
2581,0.0
2582,0.0
2583,17.0
2584,5.0
2585,0.0
2586,0.0
2587,8.0
2588,0.0
2589,1.0
2590,3.0
2591,4.0
2592,0.0
2593,0.0
2594,15.0
2595,2.0
2596,0.0
2597,6.0
2598,17.0
2599,13.0
2600,4.0
2601,8.0
2602,12.0
2603,0.0
2604,13.0
2605,0.0
2606,2.0
2607,17.0
2608,0.0
2609,9.0
2610,2.0
2611,0.0
2612,6.0
2613,18.0
2614,0.0
2615,2.0
2616,0.0
2617,0.0
2618,2.0
2619,0.0
2620,0.0
2621,0.0
2622,5.0
2623,7.0
2624,0.0
2625,6.0
2626,0.0
2627,0.0
2628,17.0
2629,0.0
2630,15.0
2631,2.0
2632,0.0
2633,10.0
2634,5.0
2635,5.0
2636,5.0
2637,2.0
2638,14.0
2639,16.0
2640,0.0
2641,0.0
2642,0.0
2643,5.0
2644,0.0
2645,4.0
2646,4.0
2647,10.0
2648,15.0
2649,14.0
2650,11.0
2651,0.0
2652,12.0
2653,0.0
2654,15.0
2655,14.0
2656,0.0
2657,1.0
2658,14.0
2659,0.0
2660,15.0
2661,0.0
2662,13.0
2663,0.0
2664,0.0
2665,0.0
2666,0.0
2667,2.0
2668,0.0
2669,8.0
2670,12.0
2671,0.0
2672,2.0
2673,11.0
2674,4.0
2675,0.0
2676,0.0
2677,0.0
2678,0.0
2679,9.0
2680,0.0
2681,0.0
2682,7.0
2683,0.0
2684,11.0
2685,0.0
2686,10.0
2687,8.0
2688,0.0
2689,0.0
2690,1.0
2691,17.0
2692,6.0
2693,8.0
2694,0.0
2695,0.0
2696,4.0
2697,0.0
2698,0.0
2699,5.0
2700,0.0
2701,0.0
2702,14.0
2703,0.0
2704,13.0
2705,0.0
2706,0.0
2707,0.0
2708,1.0
2709,3.0
2710,9.0
2711,0.0
2712,0.0
2713,18.0
2714,17.0
2715,1.0
2716,0.0
2717,9.0
2718,0.0
2719,0.0
2720,13.0
2721,0.0
2722,0.0
2723,17.0
2724,0.0
2725,0.0
2726,2.0
2727,0.0
2728,7.0
2729,3.0
2730,2.0
2731,15.0
2732,0.0
2733,0.0
2734,0.0
2735,0.0
2736,8.0
2737,0.0
2738,17.0
2739,15.0
2740,0.0
2741,0.0
2742,7.0
2743,15.0
2744,17.0
2745,2.0
2746,7.0
2747,6.0
2748,0.0
2749,6.0
2750,9.0
2751,7.0
2752,14.0
2753,10.0
2754,0.0
2755,5.0
2756,0.0
2757,17.0
2758,0.0
2759,0.0
2760,17.0
2761,18.0
2762,11.0
2763,0.0
2764,0.0
2765,12.0
2766,1.0
2767,0.0
2768,0.0
2769,1.0
2770,15.0
2771,14.0
2772,0.0
2773,4.0
2774,14.0
2775,0.0
2776,0.0
2777,2.0
2778,0.0
2779,18.0
2780,15.0
2781,5.0
2782,0.0
2783,4.0
2784,3.0
2785,0.0
2786,0.0
2787,0.0
2788,16.0
2789,0.0
2790,3.0
2791,0.0
2792,11.0
2793,0.0
2794,0.0
2795,0.0
2796,4.0
2797,9.0
2798,10.0
2799,15.0
2800,2.0
2801,9.0
2802,0.0
2803,0.0
2804,0.0
2805,10.0
2806,0.0
2807,0.0
2808,10.0
2809,6.0
2810,0.0
2811,0.0
2812,9.0
2813,0.0
2814,10.0
2815,0.0
2816,0.0
2817,14.0
2818,4.0
2819,15.0
2820,9.0
2821,0.0
2822,0.0
2823,1.0
2824,9.0
2825,2.0
2826,0.0
2827,3.0
2828,2.0
2829,0.0
2830,0.0
2831,0.0
2832,13.0
2833,13.0
2834,7.0
2835,9.0
2836,0.0
2837,0.0
2838,1.0
2839,11.0
2840,16.0
2841,0.0
2842,12.0
2843,1.0
2844,2.0
2845,12.0
2846,15.0
2847,0.0
2848,1.0
2849,0.0
2850,0.0
2851,0.0
2852,0.0
2853,0.0
2854,5.0
2855,6.0
2856,4.0
2857,15.0
2858,0.0
2859,17.0
2860,12.0
2861,11.0
2862,5.0
2863,1.0
2864,16.0
2865,0.0
2866,2.0
2867,12.0
2868,7.0
2869,15.0
2870,0.0
2871,0.0
2872,1.0
2873,0.0
2874,0.0
2875,8.0
2876,2.0
2877,13.0
2878,13.0
2879,13.0
2880,2.0
2881,0.0
2882,5.0
2883,18.0
2884,5.0
2885,7.0
2886,0.0
2887,1.0
2888,0.0
2889,1.0
2890,2.0
2891,8.0
2892,0.0
2893,10.0
2894,0.0
2895,0.0
2896,17.0
2897,0.0
2898,0.0
2899,2.0
2900,0.0
2901,0.0
2902,10.0
2903,0.0
2904,0.0
2905,0.0
2906,0.0
2907,0.0
2908,0.0
2909,9.0
2910,18.0
2911,2.0
2912,0.0
2913,12.0
2914,8.0
2915,0.0
2916,9.0
2917,0.0
2918,0.0
2919,0.0
2920,0.0
2921,0.0
2922,14.0
2923,0.0
2924,18.0
2925,0.0
2926,0.0
2927,18.0
2928,5.0
2929,0.0
2930,7.0
2931,0.0
2932,7.0
2933,0.0
2934,8.0
2935,0.0
2936,0.0
2937,1.0
2938,0.0
2939,0.0
2940,0.0
2941,0.0
2942,0.0
2943,0.0
2944,10.0
2945,0.0
2946,4.0
2947,0.0
2948,0.0
2949,0.0
2950,15.0
2951,6.0
2952,0.0
2953,0.0
2954,15.0
2955,0.0
2956,0.0
2957,14.0
2958,17.0
2959,16.0
2960,0.0
2961,10.0
2962,17.0
2963,0.0
2964,17.0
2965,0.0
2966,0.0
2967,18.0
2968,0.0
2969,0.0
2970,0.0
2971,0.0
2972,9.0
2973,0.0
2974,7.0
2975,0.0
2976,7.0
2977,0.0
2978,0.0
2979,0.0
2980,13.0
2981,0.0
2982,0.0
2983,9.0
2984,13.0
2985,0.0
2986,0.0
2987,2.0
2988,13.0
2989,3.0
2990,0.0
2991,0.0
2992,12.0
2993,0.0
2994,0.0
2995,0.0
2996,15.0
2997,9.0
2998,6.0
2999,0.0
3000,0.0
3001,17.0
3002,0.0
3003,11.0
3004,0.0
3005,6.0
3006,1.0
3007,9.0
3008,0.0
3009,6.0
3010,16.0
3011,7.0
3012,0.0
3013,0.0
3014,0.0
3015,12.0
3016,0.0
3017,0.0
3018,17.0
3019,12.0
3020,9.0
3021,0.0
3022,0.0
3023,14.0
3024,3.0
3025,0.0
3026,8.0
3027,0.0
3028,6.0
3029,0.0
3030,0.0
3031,0.0
3032,0.0
3033,14.0
3034,0.0
3035,6.0
3036,18.0
3037,7.0
3038,0.0
3039,0.0
3040,14.0
3041,0.0
3042,3.0
3043,18.0
3044,14.0
3045,11.0
3046,4.0
3047,2.0
3048,0.0
3049,0.0
3050,13.0
3051,0.0
3052,16.0
3053,0.0
3054,0.0
3055,0.0
3056,17.0
3057,1.0
3058,6.0
3059,0.0
3060,0.0
3061,0.0
3062,0.0
3063,0.0
3064,0.0
3065,11.0
3066,1.0
3067,4.0
3068,2.0
3069,0.0
3070,0.0
3071,0.0
3072,12.0
3073,0.0
3074,3.0
3075,2.0
3076,13.0
3077,8.0
3078,0.0
3079,0.0
3080,0.0
3081,18.0
3082,0.0
3083,3.0
3084,0.0
3085,10.0
3086,0.0
3087,13.0
3088,12.0
3089,0.0
3090,17.0
3091,0.0
3092,13.0
3093,14.0
3094,5.0
3095,2.0
3096,15.0
3097,5.0
3098,3.0
3099,15.0
3100,0.0
3101,18.0
3102,12.0
3103,17.0
3104,1.0
3105,0.0
3106,0.0
3107,11.0
3108,14.0
3109,0.0
3110,0.0
3111,0.0
3112,0.0
3113,8.0
3114,0.0
3115,8.0
3116,6.0
3117,14.0
3118,16.0
3119,1.0
3120,2.0
3121,11.0
3122,0.0
3123,0.0
3124,0.0
3125,13.0
3126,16.0
3127,10.0
3128,0.0
3129,7.0
3130,18.0
3131,1.0
3132,10.0
3133,0.0
3134,6.0
3135,0.0
3136,0.0
3137,5.0
3138,17.0
3139,0.0
3140,18.0
3141,12.0
3142,1.0
3143,5.0
3144,0.0
3145,9.0
3146,0.0
3147,15.0
3148,0.0
3149,0.0
3150,0.0
3151,3.0
3152,8.0
3153,16.0
3154,0.0
3155,4.0
3156,0.0
3157,8.0
3158,5.0
3159,11.0
3160,4.0
3161,4.0
3162,5.0
3163,0.0
3164,0.0
3165,0.0
3166,0.0
3167,0.0
3168,0.0
3169,8.0
3170,0.0
3171,15.0
3172,0.0
3173,0.0
3174,0.0
3175,3.0
3176,0.0
3177,11.0
3178,0.0
3179,15.0
3180,6.0
3181,0.0
3182,2.0
3183,0.0
3184,17.0
3185,0.0
3186,5.0
3187,12.0
3188,0.0
3189,0.0
3190,0.0
3191,8.0
3192,0.0
3193,14.0
3194,16.0
3195,14.0
3196,0.0
3197,11.0
3198,11.0
3199,3.0
3200,4.0
3201,14.0
3202,0.0
3203,0.0
3204,0.0
3205,0.0
3206,0.0
3207,9.0
3208,0.0
3209,0.0
3210,12.0
3211,1.0
3212,0.0
3213,0.0
3214,12.0
3215,12.0
3216,6.0
3217,12.0
3218,0.0
3219,5.0
3220,1.0
3221,18.0
3222,0.0
3223,16.0
3224,5.0
3225,9.0
3226,9.0
3227,7.0
3228,0.0
3229,0.0
3230,16.0
3231,0.0
3232,0.0
3233,14.0
3234,0.0
3235,2.0
3236,15.0
3237,0.0
3238,3.0
3239,0.0
3240,0.0
3241,17.0
3242,0.0
3243,2.0
3244,10.0
3245,16.0
3246,3.0
3247,0.0
3248,0.0
3249,0.0
3250,0.0
3251,0.0
3252,0.0
3253,0.0
3254,13.0
3255,0.0
3256,0.0
3257,5.0
3258,3.0
3259,0.0
3260,15.0
3261,0.0
3262,15.0
3263,4.0
3264,9.0
3265,0.0
3266,0.0
3267,0.0
3268,0.0
3269,0.0
3270,11.0
3271,4.0
3272,0.0
3273,11.0
3274,2.0
3275,0.0
3276,0.0
3277,0.0
3278,17.0
3279,9.0
3280,15.0
3281,0.0
3282,0.0
3283,16.0
3284,0.0
3285,13.0
3286,7.0
3287,9.0
3288,18.0
3289,13.0
3290,15.0
3291,7.0
3292,0.0
3293,2.0
3294,6.0
3295,2.0
3296,0.0
3297,11.0
3298,0.0
3299,0.0
3300,15.0
3301,0.0
3302,14.0
3303,10.0
3304,5.0
3305,0.0
3306,0.0
3307,0.0
3308,9.0
3309,5.0
3310,0.0
3311,3.0
3312,5.0
3313,7.0
3314,15.0
3315,0.0
3316,0.0
3317,0.0
3318,0.0
3319,0.0
3320,7.0
3321,0.0
3322,0.0
3323,4.0
3324,4.0
3325,0.0
3326,0.0
3327,15.0
3328,18.0
3329,4.0
3330,0.0
3331,0.0
3332,3.0
3333,5.0
3334,0.0
3335,0.0
3336,15.0
3337,0.0
3338,0.0
3339,0.0
3340,7.0
3341,10.0
3342,0.0
3343,0.0
3344,0.0
3345,17.0
3346,12.0
3347,1.0
3348,0.0
3349,0.0
3350,0.0
3351,0.0
3352,0.0
3353,0.0
3354,15.0
3355,6.0
3356,0.0
3357,7.0
3358,0.0
3359,0.0
3360,15.0
3361,0.0
3362,6.0
3363,13.0
3364,16.0
3365,7.0
3366,7.0
3367,18.0
3368,8.0
3369,3.0
3370,6.0
3371,0.0
3372,1.0
3373,18.0
3374,6.0
3375,0.0
3376,4.0
3377,0.0
3378,7.0
3379,12.0
3380,10.0
3381,13.0
3382,15.0
3383,0.0
3384,1.0
3385,17.0
3386,1.0
3387,0.0
3388,18.0
3389,0.0
3390,2.0
3391,5.0
3392,17.0
3393,8.0
3394,0.0
3395,0.0
3396,0.0
3397,0.0
3398,6.0
3399,18.0
3400,0.0
3401,0.0
3402,10.0
3403,0.0
3404,2.0
3405,4.0
3406,4.0
3407,0.0
3408,13.0
3409,0.0
3410,0.0
3411,0.0
3412,14.0
3413,0.0
3414,13.0
3415,0.0
3416,0.0
3417,0.0
3418,1.0
3419,15.0
3420,1.0
3421,4.0
3422,0.0
3423,12.0
3424,0.0
3425,10.0
3426,0.0
3427,0.0
3428,6.0
3429,2.0
3430,0.0
3431,0.0
3432,0.0
3433,8.0
3434,0.0
3435,0.0
3436,15.0
3437,0.0
3438,0.0
3439,14.0
3440,18.0
3441,5.0
3442,0.0
3443,0.0
3444,5.0
3445,0.0
3446,0.0
3447,0.0
3448,0.0
3449,0.0
3450,12.0
3451,0.0
3452,0.0
3453,0.0
3454,0.0
3455,13.0
3456,0.0
3457,15.0
3458,0.0
3459,7.0
3460,0.0
3461,0.0
3462,3.0
3463,7.0
3464,0.0
3465,0.0
3466,7.0
3467,0.0
3468,0.0
3469,0.0
3470,13.0
3471,0.0
3472,0.0
3473,9.0
3474,0.0
3475,14.0
3476,0.0
3477,0.0
3478,0.0
3479,3.0
3480,0.0
3481,0.0
3482,13.0
3483,10.0
3484,17.0
3485,11.0
3486,13.0
3487,0.0
3488,0.0
3489,2.0
3490,0.0
3491,0.0
3492,0.0
3493,0.0
3494,16.0
3495,16.0
3496,0.0
3497,2.0
3498,9.0
3499,0.0
3500,5.0
3501,17.0
3502,17.0
3503,0.0
3504,3.0
3505,10.0
3506,0.0
3507,0.0
3508,0.0
3509,0.0
3510,6.0
3511,0.0
3512,5.0
3513,0.0
3514,0.0
3515,14.0
3516,0.0
3517,9.0
3518,0.0
3519,0.0
3520,0.0
3521,14.0
3522,11.0
3523,12.0
3524,4.0
3525,0.0
3526,2.0
3527,14.0
3528,16.0
3529,0.0
3530,0.0
3531,0.0
3532,5.0
3533,0.0
3534,2.0
3535,4.0
3536,1.0
3537,0.0
3538,5.0
3539,8.0
3540,7.0
3541,0.0
3542,0.0
3543,8.0
3544,3.0
3545,0.0
3546,4.0
3547,3.0
3548,6.0
3549,18.0
3550,0.0
3551,0.0
3552,0.0
3553,10.0
3554,0.0
3555,0.0
3556,6.0
3557,0.0
3558,0.0
3559,0.0
3560,0.0
3561,0.0
3562,0.0
3563,6.0
3564,0.0
3565,0.0
3566,14.0
3567,16.0
3568,3.0
3569,0.0
3570,17.0
3571,0.0
3572,12.0
3573,0.0
3574,0.0
3575,18.0
3576,0.0
3577,18.0
3578,8.0
3579,5.0
3580,0.0
3581,7.0
3582,12.0
3583,0.0
3584,7.0
3585,0.0
3586,15.0
3587,2.0
3588,0.0
3589,0.0
3590,6.0
3591,4.0
3592,10.0
3593,0.0
3594,3.0
3595,0.0
3596,7.0
3597,7.0
3598,2.0
3599,0.0
3600,5.0
3601,7.0
3602,2.0
3603,2.0
3604,16.0
3605,3.0
3606,0.0
3607,11.0
3608,0.0
3609,0.0
3610,0.0
3611,13.0
3612,0.0
3613,0.0
3614,15.0
3615,12.0
3616,0.0
3617,0.0
3618,0.0
3619,0.0
3620,0.0
3621,4.0
3622,0.0
3623,10.0
3624,0.0
3625,0.0
3626,0.0
3627,0.0
3628,0.0
3629,0.0
3630,13.0
3631,0.0
3632,0.0
3633,6.0
3634,0.0
3635,0.0
3636,0.0
3637,7.0
3638,0.0
3639,0.0
3640,14.0
3641,16.0
3642,0.0
3643,5.0
3644,13.0
3645,14.0
3646,0.0
3647,0.0
3648,7.0
3649,0.0
3650,12.0
3651,0.0
3652,0.0
3653,0.0
3654,13.0
3655,17.0
3656,0.0
3657,2.0
3658,0.0
3659,0.0
3660,13.0
3661,5.0
3662,5.0
3663,4.0
3664,12.0
3665,1.0
3666,0.0
3667,17.0
3668,0.0
3669,0.0
3670,0.0
3671,14.0
3672,5.0
3673,16.0
3674,16.0
3675,10.0
3676,3.0
3677,6.0
3678,6.0
3679,0.0
3680,0.0
3681,15.0
3682,0.0
3683,9.0
3684,1.0
3685,0.0
3686,0.0
3687,0.0
3688,2.0
3689,0.0
3690,12.0
3691,15.0
3692,0.0
3693,5.0
3694,1.0
3695,0.0
3696,0.0
3697,0.0
3698,0.0
3699,0.0
3700,4.0
3701,0.0
3702,2.0
3703,0.0
3704,12.0
3705,0.0
3706,0.0
3707,0.0
3708,0.0
3709,0.0
3710,15.0
3711,3.0
3712,0.0
3713,4.0
3714,0.0
3715,0.0
3716,0.0
3717,0.0
3718,0.0
3719,17.0
3720,0.0
3721,0.0
3722,0.0
3723,6.0
3724,0.0
3725,0.0
3726,0.0
3727,5.0
3728,6.0
3729,7.0
3730,0.0
3731,0.0
3732,0.0
3733,0.0
3734,10.0
3735,14.0
3736,18.0
3737,0.0
3738,15.0
3739,14.0
3740,0.0
3741,0.0
3742,9.0
3743,0.0
3744,0.0
3745,0.0
3746,0.0
3747,14.0
3748,0.0
3749,12.0
3750,0.0
3751,0.0
3752,6.0
3753,0.0
3754,17.0
3755,12.0
3756,17.0
3757,0.0
3758,8.0
3759,15.0
3760,0.0
3761,0.0
3762,0.0
3763,0.0
3764,2.0
3765,12.0
3766,13.0
3767,1.0
3768,0.0
3769,0.0
3770,0.0
3771,14.0
3772,0.0
3773,0.0
3774,0.0
3775,5.0
3776,0.0
3777,14.0
3778,15.0
3779,0.0
3780,0.0
3781,14.0
3782,7.0
3783,0.0
3784,0.0
3785,0.0
3786,18.0
3787,8.0
3788,14.0
3789,0.0
3790,12.0
3791,0.0
3792,1.0
3793,0.0
3794,2.0
3795,14.0
3796,0.0
3797,6.0
3798,0.0
3799,5.0
3800,1.0
3801,0.0
3802,3.0
3803,0.0
3804,0.0
3805,18.0
3806,7.0
3807,0.0
3808,18.0
3809,17.0
3810,14.0
3811,0.0
3812,17.0
3813,0.0
3814,15.0
3815,0.0
3816,7.0
3817,11.0
3818,0.0
3819,2.0
3820,7.0
3821,0.0
3822,9.0
3823,6.0
3824,0.0
3825,0.0
3826,6.0
3827,5.0
3828,12.0
3829,13.0
3830,4.0
3831,8.0
3832,15.0
3833,0.0
3834,13.0
3835,10.0
3836,2.0
3837,9.0
3838,0.0
3839,13.0
3840,0.0
3841,0.0
3842,0.0
3843,0.0
3844,14.0
3845,5.0
3846,0.0
3847,12.0
3848,5.0
3849,3.0
3850,10.0
3851,18.0
3852,8.0
3853,16.0
3854,3.0
3855,3.0
3856,0.0
3857,11.0
3858,0.0
3859,0.0
3860,7.0
3861,0.0
3862,0.0
3863,0.0
3864,9.0
3865,14.0
3866,0.0
3867,0.0
3868,14.0
3869,0.0
3870,14.0
3871,0.0
3872,11.0
3873,0.0
3874,0.0
3875,0.0
3876,0.0
3877,6.0
3878,10.0
3879,6.0
3880,7.0
3881,12.0
3882,17.0
3883,7.0
3884,0.0
3885,15.0
3886,0.0
3887,0.0
3888,0.0
3889,16.0
3890,0.0
3891,0.0
3892,5.0
3893,17.0
3894,0.0
3895,1.0
3896,12.0
3897,0.0
3898,17.0
3899,0.0
3900,0.0
3901,0.0
3902,2.0
3903,0.0
3904,4.0
3905,3.0
3906,0.0
3907,3.0
3908,0.0
3909,18.0
3910,15.0
3911,0.0
3912,0.0
3913,0.0
3914,0.0
3915,0.0
3916,0.0
3917,2.0
3918,0.0
3919,16.0
3920,2.0
3921,0.0
3922,8.0
3923,0.0
3924,0.0
3925,7.0
3926,18.0
3927,8.0
3928,0.0
3929,4.0
3930,7.0
3931,0.0
3932,5.0
3933,0.0
3934,8.0
3935,0.0
3936,0.0
3937,17.0
3938,5.0
3939,0.0
3940,0.0
3941,0.0
3942,3.0
3943,0.0
3944,17.0
3945,7.0
3946,0.0
3947,9.0
3948,14.0
3949,16.0
3950,1.0
3951,15.0
3952,0.0
3953,0.0
3954,0.0
3955,2.0
3956,0.0
3957,8.0
3958,2.0
3959,1.0
3960,0.0
3961,14.0
3962,18.0
3963,0.0
3964,0.0
3965,16.0
3966,6.0
3967,15.0
3968,0.0
3969,14.0
3970,5.0
3971,0.0
3972,3.0
3973,0.0
3974,0.0
3975,0.0
3976,5.0
3977,6.0
3978,6.0
3979,0.0
3980,0.0
3981,13.0
3982,17.0
3983,10.0
3984,0.0
3985,7.0
3986,18.0
3987,18.0
3988,0.0
3989,0.0
3990,5.0
3991,16.0
3992,17.0
3993,0.0
3994,0.0
3995,0.0
3996,0.0
3997,0.0
3998,7.0
3999,0.0
4000,11.0
4001,4.0
4002,11.0
4003,5.0
4004,0.0
4005,0.0
4006,0.0
4007,5.0
4008,0.0
4009,4.0
4010,15.0
4011,18.0
4012,0.0
4013,11.0
4014,8.0
4015,5.0
4016,0.0
4017,10.0
4018,14.0
4019,4.0
4020,0.0
4021,16.0
4022,0.0
4023,0.0
4024,0.0
4025,0.0
4026,7.0
4027,15.0
4028,1.0
4029,0.0
4030,4.0
4031,16.0
4032,0.0
4033,0.0
4034,14.0
4035,0.0
4036,3.0
4037,5.0
4038,14.0
4039,12.0
4040,0.0
4041,0.0
4042,0.0
4043,0.0
4044,0.0
4045,2.0
4046,18.0
4047,0.0
4048,0.0
4049,0.0
4050,11.0
4051,14.0
4052,13.0
4053,18.0
4054,6.0
4055,6.0
4056,7.0
4057,13.0
4058,2.0
4059,2.0
4060,0.0
4061,18.0
4062,0.0
4063,4.0
4064,8.0
4065,0.0
4066,0.0
4067,15.0
4068,14.0
4069,0.0
4070,18.0
4071,17.0
4072,7.0
4073,17.0
4074,5.0
4075,0.0
4076,14.0
4077,3.0
4078,6.0
4079,14.0
4080,0.0
4081,12.0
4082,0.0
4083,15.0
4084,0.0
4085,12.0
4086,3.0
4087,0.0
4088,0.0
4089,9.0
4090,1.0
4091,0.0
4092,5.0
4093,0.0
4094,11.0
4095,15.0
4096,1.0
4097,14.0
4098,0.0
4099,0.0
4100,0.0
4101,1.0
4102,0.0
4103,16.0
4104,0.0
4105,4.0
4106,11.0
4107,8.0
4108,5.0
4109,0.0
4110,0.0
4111,17.0
4112,9.0
4113,14.0
4114,0.0
4115,14.0
4116,12.0
4117,18.0
4118,18.0
4119,0.0
4120,0.0
4121,16.0
4122,7.0
4123,0.0
4124,0.0
4125,0.0
4126,9.0
4127,5.0
4128,11.0
4129,0.0
4130,6.0
4131,3.0
4132,13.0
4133,12.0
4134,13.0
4135,0.0
4136,14.0
4137,9.0
4138,13.0
4139,0.0
4140,0.0
4141,0.0
4142,0.0
4143,0.0
4144,0.0
4145,6.0
4146,0.0
4147,0.0
4148,0.0
4149,0.0
4150,0.0
4151,2.0
4152,14.0
4153,0.0
4154,10.0
4155,0.0
4156,0.0
4157,0.0
4158,0.0
4159,6.0
4160,0.0
4161,13.0
4162,0.0
4163,7.0
4164,15.0
4165,12.0
4166,0.0
4167,6.0
4168,0.0
4169,14.0
4170,0.0
4171,11.0
4172,11.0
4173,0.0
4174,15.0
4175,0.0
4176,16.0
4177,12.0
4178,7.0
4179,0.0
4180,0.0
4181,17.0
4182,18.0
4183,0.0
4184,0.0
4185,0.0
4186,0.0
4187,0.0
4188,0.0
4189,8.0
4190,17.0
4191,0.0
4192,0.0
4193,12.0
4194,14.0
4195,1.0
4196,0.0
4197,0.0
4198,0.0
4199,4.0
4200,9.0
4201,1.0
4202,0.0
4203,0.0
4204,6.0
4205,0.0
4206,0.0
4207,12.0
4208,0.0
4209,9.0
4210,10.0
4211,0.0
4212,14.0
4213,0.0
4214,6.0
4215,1.0
4216,18.0
4217,7.0
4218,2.0
4219,4.0
4220,2.0
4221,0.0
4222,0.0
4223,0.0
4224,8.0
4225,2.0
4226,16.0
4227,0.0
4228,13.0
4229,0.0
4230,0.0
4231,0.0
4232,0.0
4233,0.0
4234,18.0
4235,0.0
4236,4.0
4237,12.0
4238,16.0
4239,0.0
4240,11.0
4241,0.0
4242,3.0
4243,6.0
4244,0.0
4245,9.0
4246,0.0
4247,0.0
4248,2.0
4249,0.0
4250,0.0
4251,0.0
4252,17.0
4253,8.0
4254,0.0
4255,17.0
4256,0.0
4257,0.0
4258,5.0
4259,0.0
4260,0.0
4261,0.0
4262,0.0
4263,0.0
4264,0.0
4265,0.0
4266,2.0
4267,4.0
4268,0.0
4269,1.0
4270,2.0
4271,0.0
4272,10.0
4273,0.0
4274,14.0
4275,0.0
4276,2.0
4277,0.0
4278,3.0
4279,16.0
4280,16.0
4281,0.0
4282,5.0
4283,18.0
4284,8.0
4285,0.0
4286,0.0
4287,0.0
4288,0.0
4289,13.0
4290,12.0
4291,0.0
4292,0.0
4293,0.0
4294,7.0
4295,1.0
4296,12.0
4297,10.0
4298,0.0
4299,1.0
4300,17.0
4301,3.0
4302,9.0
4303,0.0
4304,12.0
4305,8.0
4306,10.0
4307,0.0
4308,0.0
4309,10.0
4310,0.0
4311,18.0
4312,0.0
4313,0.0
4314,2.0
4315,0.0
4316,15.0
4317,0.0
4318,0.0
4319,12.0
4320,0.0
4321,0.0
4322,5.0
4323,1.0
4324,6.0
4325,4.0
4326,16.0
4327,12.0
4328,0.0
4329,0.0
4330,18.0
4331,0.0
4332,0.0
4333,12.0
4334,0.0
4335,11.0
4336,11.0
4337,3.0
4338,0.0
4339,18.0
4340,18.0
4341,16.0
4342,16.0
4343,0.0
4344,0.0
4345,0.0
4346,0.0
4347,0.0
4348,0.0
4349,9.0
4350,1.0
4351,0.0
4352,11.0
4353,0.0
4354,17.0
4355,15.0
4356,9.0
4357,17.0
4358,12.0
4359,0.0
4360,15.0
4361,13.0
4362,9.0
4363,0.0
4364,5.0
4365,0.0
4366,15.0
4367,0.0
4368,4.0
4369,11.0
4370,0.0
4371,0.0
4372,13.0
4373,0.0
4374,15.0
4375,4.0
4376,8.0
4377,7.0
4378,18.0
4379,9.0
4380,9.0
4381,0.0
4382,0.0
4383,12.0
4384,14.0
4385,3.0
4386,14.0
4387,0.0
4388,0.0
4389,7.0
4390,0.0
4391,0.0
4392,0.0
4393,3.0
4394,14.0
4395,0.0
4396,12.0
4397,0.0
4398,0.0
4399,11.0
4400,17.0
4401,9.0
4402,18.0
4403,0.0
4404,3.0
4405,0.0
4406,1.0
4407,18.0
4408,0.0
4409,0.0
4410,17.0
4411,16.0
4412,5.0
4413,0.0
4414,0.0
4415,5.0
4416,0.0
4417,0.0
4418,16.0
4419,15.0
4420,0.0
4421,17.0
4422,15.0
4423,8.0
4424,0.0
4425,7.0
4426,0.0
4427,0.0
4428,0.0
4429,1.0
4430,13.0
4431,9.0
4432,5.0
4433,13.0
4434,4.0
4435,0.0
4436,0.0
4437,13.0
4438,15.0
4439,0.0
4440,1.0
4441,9.0
4442,17.0
4443,16.0
4444,0.0
4445,18.0
4446,16.0
4447,0.0
4448,12.0
4449,5.0
4450,0.0
4451,12.0
4452,9.0
4453,11.0
4454,0.0
4455,7.0
4456,18.0
4457,8.0
4458,2.0
4459,12.0
4460,5.0
4461,0.0
4462,0.0
4463,0.0
4464,6.0
4465,0.0
4466,0.0
4467,0.0
4468,0.0
4469,11.0
4470,0.0
4471,4.0
4472,15.0
4473,5.0
4474,0.0
4475,3.0
4476,0.0
4477,0.0
4478,0.0
4479,6.0
4480,0.0
4481,7.0
4482,0.0
4483,0.0
4484,0.0
4485,8.0
4486,0.0
4487,5.0
4488,0.0
4489,0.0
4490,0.0
4491,8.0
4492,14.0
4493,13.0
4494,5.0
4495,18.0
4496,0.0
4497,11.0
4498,14.0
4499,15.0
4500,8.0
4501,15.0
4502,0.0
4503,11.0
4504,12.0
4505,0.0
4506,3.0
4507,2.0
4508,0.0
4509,0.0
4510,9.0
4511,0.0
4512,16.0
4513,8.0
4514,0.0
4515,12.0
4516,4.0
4517,6.0
4518,7.0
4519,3.0
4520,3.0
4521,0.0
4522,0.0
4523,16.0
4524,5.0
4525,13.0
4526,14.0
4527,14.0
4528,0.0
4529,0.0
4530,16.0
4531,9.0
4532,0.0
4533,16.0
4534,0.0
4535,13.0
4536,15.0
4537,0.0
4538,4.0
4539,0.0
4540,15.0
4541,0.0
4542,0.0
4543,10.0
4544,0.0
4545,17.0
4546,18.0
4547,0.0
4548,9.0
4549,14.0
4550,3.0
4551,9.0
4552,1.0
4553,17.0
4554,0.0
4555,0.0
4556,18.0
4557,0.0
4558,2.0
4559,0.0
4560,0.0
4561,0.0
4562,14.0
4563,8.0
4564,3.0
4565,3.0
4566,0.0
4567,0.0
4568,17.0
4569,6.0
4570,9.0
4571,5.0
4572,0.0
4573,0.0
4574,0.0
4575,0.0
4576,14.0
4577,11.0
4578,0.0
4579,2.0
4580,0.0
4581,0.0
4582,0.0
4583,0.0
4584,15.0
4585,14.0
4586,4.0
4587,5.0
4588,0.0
4589,12.0
4590,2.0
4591,10.0
4592,7.0
4593,0.0
4594,0.0
4595,5.0
4596,13.0
4597,0.0
4598,17.0
4599,0.0
4600,0.0
4601,8.0
4602,9.0
4603,0.0
4604,0.0
4605,12.0
4606,18.0
4607,0.0
4608,0.0
4609,13.0
4610,0.0
4611,9.0
4612,0.0
4613,3.0
4614,0.0
4615,2.0
4616,0.0
4617,14.0
4618,0.0
4619,7.0
4620,15.0
4621,5.0
4622,0.0
4623,12.0
4624,10.0
4625,3.0
4626,0.0
4627,0.0
4628,6.0
4629,12.0
4630,0.0
4631,0.0
4632,4.0
4633,0.0
4634,2.0
4635,0.0
4636,0.0
4637,0.0
4638,0.0
4639,0.0
4640,10.0
4641,4.0
4642,16.0
4643,3.0
4644,10.0
4645,12.0
4646,13.0
4647,9.0
4648,13.0
4649,18.0
4650,0.0
4651,0.0
4652,17.0
4653,0.0
4654,0.0
4655,0.0
4656,3.0
4657,16.0
4658,8.0
4659,15.0
4660,0.0
4661,0.0
4662,14.0
4663,0.0
4664,17.0
4665,0.0
4666,0.0
4667,7.0
4668,0.0
4669,0.0
4670,0.0
4671,2.0
4672,13.0
4673,0.0
4674,4.0
4675,0.0
4676,17.0
4677,17.0
4678,10.0
4679,13.0
4680,0.0
4681,14.0
4682,14.0
4683,0.0
4684,0.0
4685,3.0
4686,11.0
4687,3.0
4688,2.0
4689,0.0
4690,11.0
4691,0.0
4692,15.0
4693,0.0
4694,14.0
4695,0.0
4696,0.0
4697,5.0
4698,2.0
4699,11.0
4700,17.0
4701,0.0
4702,2.0
4703,8.0
4704,17.0
4705,8.0
4706,1.0
4707,0.0
4708,0.0
4709,14.0
4710,10.0
4711,0.0
4712,10.0
4713,0.0
4714,0.0
4715,12.0
4716,0.0
4717,5.0
4718,16.0
4719,0.0
4720,12.0
4721,3.0
4722,14.0
4723,7.0
4724,8.0
4725,7.0
4726,0.0
4727,1.0
4728,0.0
4729,0.0
4730,7.0
4731,1.0
4732,13.0
4733,18.0
4734,6.0
4735,0.0
4736,1.0
4737,0.0
4738,2.0
4739,17.0
4740,2.0
4741,0.0
4742,1.0
4743,10.0
4744,6.0
4745,3.0
4746,0.0
4747,0.0
4748,0.0
4749,4.0
4750,0.0
4751,0.0
4752,17.0
4753,0.0
4754,9.0
4755,0.0
4756,8.0
4757,0.0
4758,5.0
4759,2.0
4760,0.0
4761,11.0
4762,0.0
4763,0.0
4764,0.0
4765,0.0
4766,15.0
4767,0.0
4768,1.0
4769,6.0
4770,15.0
4771,0.0
4772,2.0
4773,16.0
4774,8.0
4775,11.0
4776,0.0
4777,15.0
4778,0.0
4779,0.0
4780,0.0
4781,0.0
4782,4.0
4783,0.0
4784,16.0
4785,11.0
4786,0.0
4787,0.0
4788,0.0
4789,9.0
4790,0.0
4791,3.0
4792,12.0
4793,2.0
4794,0.0
4795,13.0
4796,13.0
4797,4.0
4798,0.0
4799,0.0
4800,0.0
4801,2.0
4802,5.0
4803,0.0
4804,0.0
4805,0.0
4806,0.0
4807,5.0
4808,0.0
4809,0.0
4810,17.0
4811,17.0
4812,0.0
4813,18.0
4814,0.0
4815,17.0
4816,2.0
4817,12.0
4818,0.0
4819,0.0
4820,0.0
4821,0.0
4822,17.0
4823,0.0
4824,11.0
4825,0.0
4826,17.0
4827,5.0
4828,9.0
4829,0.0
4830,16.0
4831,0.0
4832,14.0
4833,6.0
4834,0.0
4835,16.0
4836,9.0
4837,0.0
4838,5.0
4839,0.0
4840,14.0
4841,0.0
4842,13.0
4843,0.0
4844,16.0
4845,16.0
4846,0.0
4847,0.0
4848,0.0
4849,0.0
4850,0.0
4851,0.0
4852,0.0
4853,8.0
4854,0.0
4855,0.0
4856,8.0
4857,3.0
4858,16.0
4859,0.0
4860,0.0
4861,0.0
4862,17.0
4863,0.0
4864,0.0
4865,4.0
4866,2.0
4867,0.0
4868,0.0
4869,0.0
4870,0.0
4871,0.0
4872,0.0
4873,1.0
4874,5.0
4875,0.0
4876,0.0
4877,0.0
4878,0.0
4879,0.0
4880,17.0
4881,1.0
4882,0.0
4883,0.0
4884,0.0
4885,0.0
4886,6.0
4887,7.0
4888,8.0
4889,9.0
4890,13.0
4891,7.0
4892,2.0
4893,0.0
4894,0.0
4895,0.0
4896,8.0
4897,0.0
4898,0.0
4899,8.0
4900,18.0
4901,0.0
4902,5.0
4903,17.0
4904,16.0
4905,12.0
4906,3.0
4907,14.0
4908,0.0
4909,0.0
4910,18.0
4911,0.0
4912,0.0
4913,0.0
4914,3.0
4915,0.0
4916,0.0
4917,7.0
4918,2.0
4919,0.0
4920,9.0
4921,0.0
4922,0.0
4923,0.0
4924,0.0
4925,0.0
4926,0.0
4927,18.0
4928,0.0
4929,0.0
4930,8.0
4931,4.0
4932,9.0
4933,3.0
4934,2.0
4935,4.0
4936,0.0
4937,0.0
4938,3.0
4939,2.0
4940,0.0
4941,0.0
4942,0.0
4943,18.0
4944,5.0
4945,0.0
4946,0.0
4947,0.0
4948,0.0
4949,0.0
4950,18.0
4951,0.0
4952,15.0
4953,1.0
4954,0.0
4955,17.0
4956,1.0
4957,0.0
4958,9.0
4959,16.0
4960,18.0
4961,0.0
4962,0.0
4963,0.0
4964,11.0
4965,1.0
4966,10.0
4967,7.0
4968,13.0
4969,8.0
4970,2.0
4971,0.0
4972,0.0
4973,0.0
4974,15.0
4975,3.0
4976,0.0
4977,0.0
4978,0.0
4979,15.0
4980,8.0
4981,0.0
4982,15.0
4983,0.0
4984,18.0
4985,5.0
4986,9.0
4987,0.0
4988,14.0
4989,15.0
4990,0.0
4991,1.0
4992,12.0
4993,3.0
4994,0.0
4995,0.0
4996,2.0
4997,4.0
4998,17.0
4999,0.0
5000,0.0
5001,14.0
5002,0.0
5003,13.0
5004,4.0
5005,6.0
5006,14.0
5007,1.0
5008,17.0
5009,4.0
5010,4.0
5011,0.0
5012,11.0
5013,9.0
5014,2.0
5015,0.0
5016,0.0
5017,6.0
5018,0.0
5019,0.0
5020,0.0
5021,0.0
5022,0.0
5023,0.0
5024,13.0
5025,9.0
5026,0.0
5027,3.0
5028,10.0
5029,6.0
5030,5.0
5031,10.0
5032,9.0
5033,0.0
5034,0.0
5035,9.0
5036,13.0
5037,0.0
5038,18.0
5039,11.0
5040,6.0
5041,12.0
5042,0.0
5043,7.0
5044,0.0
5045,16.0
5046,5.0
5047,12.0
5048,3.0
5049,14.0
5050,0.0
5051,7.0
5052,0.0
5053,9.0
5054,17.0
5055,11.0
5056,0.0
5057,13.0
5058,0.0
5059,16.0
5060,0.0
5061,14.0
5062,10.0
5063,13.0
5064,3.0
5065,0.0
5066,8.0
5067,15.0
5068,0.0
5069,4.0
5070,8.0
5071,0.0
5072,0.0
5073,0.0
5074,4.0
5075,0.0
5076,0.0
5077,2.0
5078,0.0
5079,7.0
5080,0.0
5081,17.0
5082,1.0
5083,3.0
5084,10.0
5085,6.0
5086,3.0
5087,1.0
5088,0.0
5089,0.0
5090,8.0
5091,6.0
5092,17.0
5093,11.0
5094,5.0
5095,0.0
5096,9.0
5097,5.0
5098,0.0
5099,0.0
5100,0.0
5101,14.0
5102,11.0
5103,16.0
5104,0.0
5105,0.0
5106,18.0
5107,6.0
5108,0.0
5109,3.0
5110,0.0
5111,13.0
5112,0.0
5113,10.0
5114,5.0
5115,13.0
5116,1.0
5117,0.0
5118,2.0
5119,0.0
5120,0.0
5121,7.0
5122,0.0
5123,0.0
5124,14.0
5125,0.0
5126,0.0
5127,0.0
5128,18.0
5129,14.0
5130,0.0
5131,0.0
5132,0.0
5133,16.0
5134,0.0
5135,13.0
5136,3.0
5137,0.0
5138,0.0
5139,0.0
5140,0.0
5141,10.0
5142,0.0
5143,0.0
5144,4.0
5145,7.0
5146,7.0
5147,0.0
5148,0.0
5149,0.0
5150,10.0
5151,0.0
5152,0.0
5153,4.0
5154,0.0
5155,6.0
5156,5.0
5157,0.0
5158,12.0
5159,18.0
5160,0.0
5161,16.0
5162,11.0
5163,2.0
5164,0.0
5165,0.0
5166,0.0
5167,6.0
5168,0.0
5169,15.0
5170,2.0
5171,12.0
5172,0.0
5173,0.0
5174,0.0
5175,0.0
5176,3.0
5177,0.0
5178,0.0
5179,0.0
5180,0.0
5181,9.0
5182,9.0
5183,16.0
5184,0.0
5185,14.0
5186,9.0
5187,0.0
5188,3.0
5189,0.0
5190,18.0
5191,18.0
5192,6.0
5193,0.0
5194,3.0
5195,0.0
5196,1.0
5197,0.0
5198,12.0
5199,3.0
5200,14.0
5201,16.0
5202,0.0
5203,13.0
5204,0.0
5205,5.0
5206,7.0
5207,9.0
5208,0.0
5209,0.0
5210,13.0
5211,0.0
5212,15.0
5213,18.0
5214,7.0
5215,0.0
5216,18.0
5217,13.0
5218,13.0
5219,10.0
5220,0.0
5221,0.0
5222,0.0
5223,10.0
5224,8.0
5225,0.0
5226,2.0
5227,0.0
5228,8.0
5229,9.0
5230,13.0
5231,0.0
5232,9.0
5233,8.0
5234,9.0
5235,3.0
5236,8.0
5237,9.0
5238,0.0
5239,0.0
5240,8.0
5241,4.0
5242,6.0
5243,2.0
5244,0.0
5245,16.0
5246,12.0
5247,0.0
5248,0.0
5249,13.0
5250,0.0
5251,3.0
5252,0.0
5253,0.0
5254,3.0
5255,9.0
5256,0.0
5257,0.0
5258,0.0
5259,8.0
5260,1.0
5261,0.0
5262,7.0
5263,0.0
5264,13.0
5265,11.0
5266,11.0
5267,0.0
5268,7.0
5269,0.0
5270,16.0
5271,15.0
5272,0.0
5273,0.0
5274,0.0
5275,7.0
5276,12.0
5277,0.0
5278,15.0
5279,0.0
5280,4.0
5281,0.0
5282,16.0
5283,3.0
5284,0.0
5285,4.0
5286,17.0
5287,2.0
5288,7.0
5289,13.0
5290,15.0
5291,8.0
5292,8.0
5293,17.0
5294,0.0
5295,5.0
5296,0.0
5297,7.0
5298,0.0
5299,5.0
5300,10.0
5301,1.0
5302,0.0
5303,7.0
5304,12.0
5305,17.0
5306,11.0
5307,9.0
5308,2.0
5309,6.0
5310,0.0
5311,0.0
5312,12.0
5313,2.0
5314,0.0
5315,0.0
5316,4.0
5317,0.0
5318,0.0
5319,0.0
5320,0.0
5321,0.0
5322,2.0
5323,13.0
5324,0.0
5325,5.0
5326,4.0
5327,1.0
5328,0.0
5329,0.0
5330,4.0
5331,0.0
5332,5.0
5333,0.0
5334,0.0
5335,4.0
5336,15.0
5337,0.0
5338,0.0
5339,0.0
5340,17.0
5341,0.0
5342,15.0
5343,0.0
5344,15.0
5345,10.0
5346,4.0
5347,0.0
5348,0.0
5349,0.0
5350,14.0
5351,1.0
5352,7.0
5353,0.0
5354,0.0
5355,1.0
5356,0.0
5357,0.0
5358,0.0
5359,9.0
5360,3.0
5361,18.0
5362,0.0
5363,15.0
5364,6.0
5365,17.0
5366,0.0
5367,2.0
5368,0.0
5369,18.0
5370,7.0
5371,17.0
5372,7.0
5373,13.0
5374,9.0
5375,8.0
5376,10.0
5377,10.0
5378,0.0
5379,0.0
5380,6.0
5381,14.0
5382,0.0
5383,0.0
5384,12.0
5385,3.0
5386,0.0
5387,3.0
5388,7.0
5389,0.0
5390,9.0
5391,13.0
5392,8.0
5393,0.0
5394,0.0
5395,11.0
5396,7.0
5397,0.0
5398,6.0
5399,0.0
5400,0.0
5401,0.0
5402,0.0
5403,12.0
5404,0.0
5405,0.0
5406,16.0
5407,0.0
5408,9.0
5409,15.0
5410,0.0
5411,11.0
5412,6.0
5413,9.0
5414,14.0
5415,7.0
5416,1.0
5417,17.0
5418,13.0
5419,1.0
5420,8.0
5421,0.0
5422,0.0
5423,0.0
5424,0.0
5425,7.0
5426,0.0
5427,1.0
5428,0.0
5429,7.0
5430,6.0
5431,0.0
5432,18.0
5433,5.0
5434,0.0
5435,5.0
5436,17.0
5437,2.0
5438,0.0
5439,0.0
5440,6.0
5441,0.0
5442,0.0
5443,0.0
5444,0.0
5445,0.0
5446,0.0
5447,7.0
5448,0.0
5449,0.0
5450,0.0
5451,10.0
5452,5.0
5453,0.0
5454,16.0
5455,0.0
5456,0.0
5457,0.0
5458,0.0
5459,0.0
5460,4.0
5461,0.0
5462,6.0
5463,0.0
5464,8.0
5465,3.0
5466,5.0
5467,8.0
5468,17.0
5469,0.0
5470,0.0
5471,14.0
5472,15.0
5473,0.0
5474,11.0
5475,8.0
5476,14.0
5477,0.0
5478,0.0
5479,0.0
5480,8.0
5481,6.0
5482,0.0
5483,6.0
5484,7.0
5485,5.0
5486,4.0
5487,0.0
5488,13.0
5489,0.0
5490,0.0
5491,0.0
5492,17.0
5493,0.0
5494,0.0
5495,15.0
5496,0.0
5497,5.0
5498,10.0
5499,0.0
5500,0.0
5501,10.0
5502,0.0
5503,0.0
5504,6.0
5505,14.0
5506,11.0
5507,0.0
5508,0.0
5509,12.0
5510,0.0
5511,0.0
5512,0.0
5513,0.0
5514,0.0
5515,18.0
5516,8.0
5517,1.0
5518,12.0
5519,0.0
5520,0.0
5521,14.0
5522,0.0
5523,4.0
5524,0.0
5525,0.0
5526,0.0
5527,5.0
5528,17.0
5529,0.0
5530,0.0
5531,0.0
5532,11.0
5533,17.0
5534,8.0
5535,0.0
5536,2.0
5537,3.0
5538,0.0
5539,0.0
5540,0.0
5541,0.0
5542,0.0
5543,15.0
5544,18.0
5545,0.0
5546,16.0
5547,5.0
5548,0.0
5549,0.0
5550,0.0
5551,17.0
5552,0.0
5553,12.0
5554,0.0
5555,0.0
5556,5.0
5557,6.0
5558,0.0
5559,0.0
5560,0.0
5561,6.0
5562,0.0
5563,2.0
5564,13.0
5565,7.0
5566,1.0
5567,4.0
5568,4.0
5569,7.0
5570,9.0
5571,17.0
5572,11.0
5573,0.0
5574,0.0
5575,16.0
5576,0.0
5577,0.0
5578,1.0
5579,0.0
5580,2.0
5581,10.0
5582,12.0
5583,1.0
5584,7.0
5585,0.0
5586,0.0
5587,0.0
5588,0.0
5589,0.0
5590,0.0
5591,9.0
5592,0.0
5593,0.0
5594,0.0
5595,0.0
5596,12.0
5597,8.0
5598,6.0
5599,5.0
5600,9.0
5601,0.0
5602,0.0
5603,7.0
5604,6.0
5605,16.0
5606,0.0
5607,2.0
5608,12.0
5609,0.0
5610,9.0
5611,0.0
5612,15.0
5613,0.0
5614,0.0
5615,1.0
5616,0.0
5617,0.0
5618,0.0
5619,0.0
5620,0.0
5621,13.0
5622,13.0
5623,3.0
5624,7.0
5625,0.0
5626,5.0
5627,0.0
5628,10.0
5629,12.0
5630,7.0
5631,15.0
5632,0.0
5633,5.0
5634,13.0
5635,0.0
5636,11.0
5637,10.0
5638,0.0
5639,7.0
5640,0.0
5641,15.0
5642,0.0
5643,0.0
5644,14.0
5645,18.0
5646,0.0
5647,0.0
5648,0.0
5649,11.0
5650,12.0
5651,0.0
5652,0.0
5653,0.0
5654,0.0
5655,0.0
5656,14.0
5657,5.0
5658,18.0
5659,0.0
5660,11.0
5661,13.0
5662,0.0
5663,0.0
5664,14.0
5665,0.0
5666,8.0
5667,0.0
5668,6.0
5669,8.0
5670,0.0
5671,16.0
5672,0.0
5673,3.0
5674,1.0
5675,2.0
5676,6.0
5677,0.0
5678,3.0
5679,9.0
5680,5.0
5681,11.0
5682,0.0
5683,9.0
5684,13.0
5685,0.0
5686,0.0
5687,0.0
5688,0.0
5689,7.0
5690,4.0
5691,0.0
5692,13.0
5693,0.0
5694,0.0
5695,2.0
5696,13.0
5697,0.0
5698,2.0
5699,3.0
5700,17.0
5701,4.0
5702,0.0
5703,12.0
5704,1.0
5705,3.0
5706,0.0
5707,0.0
5708,5.0
5709,9.0
5710,3.0
5711,17.0
5712,9.0
5713,1.0
5714,13.0
5715,18.0
5716,6.0
5717,0.0
5718,14.0
5719,0.0
5720,6.0
5721,6.0
5722,15.0
5723,18.0
5724,0.0
5725,7.0
5726,9.0
5727,0.0
5728,12.0
5729,0.0
5730,1.0
5731,16.0
5732,0.0
5733,12.0
5734,0.0
5735,0.0
5736,0.0
5737,10.0
5738,0.0
5739,7.0
5740,13.0
5741,16.0
5742,8.0
5743,8.0
5744,0.0
5745,0.0
5746,0.0
5747,2.0
5748,12.0
5749,8.0
5750,0.0
5751,0.0
5752,12.0
5753,0.0
5754,9.0
5755,11.0
5756,16.0
5757,0.0
5758,8.0
5759,11.0
5760,0.0
5761,0.0
5762,0.0
5763,9.0
5764,0.0
5765,0.0
5766,0.0
5767,5.0
5768,14.0
5769,5.0
5770,0.0
5771,0.0
5772,0.0
5773,12.0
5774,15.0
5775,6.0
5776,2.0
5777,1.0
5778,2.0
5779,6.0
5780,15.0
5781,11.0
5782,0.0
5783,13.0
5784,0.0
5785,0.0
5786,0.0
5787,16.0
5788,3.0
5789,0.0
5790,9.0
5791,2.0
5792,12.0
5793,5.0
5794,17.0
5795,5.0
5796,0.0
5797,0.0
5798,10.0
5799,17.0
5800,0.0
5801,13.0
5802,0.0
5803,0.0
5804,18.0
5805,0.0
5806,18.0
5807,0.0
5808,0.0
5809,0.0
5810,0.0
5811,5.0
5812,8.0
5813,0.0
5814,15.0
5815,2.0
5816,0.0
5817,1.0
5818,0.0
5819,0.0
5820,17.0
5821,7.0
5822,17.0
5823,13.0
5824,17.0
5825,15.0
5826,6.0
5827,0.0
5828,0.0
5829,0.0
5830,0.0
5831,4.0
5832,2.0
5833,7.0
5834,2.0
5835,9.0
5836,0.0
5837,16.0
5838,4.0
5839,16.0
5840,0.0
5841,18.0
5842,11.0
5843,0.0
5844,0.0
5845,0.0
5846,0.0
5847,14.0
5848,4.0
5849,3.0
5850,12.0
5851,6.0
5852,11.0
5853,10.0
5854,0.0
5855,0.0
5856,15.0
5857,0.0
5858,16.0
5859,7.0
5860,17.0
5861,0.0
5862,0.0
5863,8.0
5864,0.0
5865,0.0
5866,15.0
5867,1.0
5868,12.0
5869,0.0
5870,13.0
5871,0.0
5872,14.0
5873,9.0
5874,0.0
5875,13.0
5876,0.0
5877,0.0
5878,8.0
5879,0.0
5880,10.0
5881,15.0
5882,0.0
5883,15.0
5884,4.0
5885,18.0
5886,15.0
5887,1.0
5888,3.0
5889,15.0
5890,0.0
5891,17.0
5892,13.0
5893,5.0
5894,2.0
5895,9.0
5896,0.0
5897,0.0
5898,11.0
5899,9.0
5900,0.0
5901,0.0
5902,0.0
5903,0.0
5904,18.0
5905,8.0
5906,4.0
5907,0.0
5908,0.0
5909,14.0
5910,1.0
5911,0.0
5912,0.0
5913,12.0
5914,16.0
5915,4.0
5916,0.0
5917,13.0
5918,0.0
5919,12.0
5920,6.0
5921,16.0
5922,7.0
5923,14.0
5924,5.0
5925,0.0
5926,6.0
5927,3.0
5928,13.0
5929,0.0
5930,8.0
5931,5.0
5932,17.0
5933,6.0
5934,0.0
5935,0.0
5936,18.0
5937,15.0
5938,1.0
5939,0.0
5940,6.0
5941,0.0
5942,16.0
5943,5.0
5944,16.0
5945,0.0
5946,0.0
5947,0.0
5948,1.0
5949,0.0
5950,4.0
5951,0.0
5952,0.0
5953,12.0
5954,11.0
5955,12.0
5956,0.0
5957,0.0
5958,5.0
5959,15.0
5960,16.0
5961,5.0
5962,0.0
5963,0.0
5964,8.0
5965,0.0
5966,11.0
5967,14.0
5968,17.0
5969,6.0
5970,0.0
5971,0.0
5972,18.0
5973,3.0
5974,9.0
5975,16.0
5976,9.0
5977,0.0
5978,0.0
5979,6.0
5980,6.0
5981,2.0
5982,0.0
5983,0.0
5984,7.0
5985,0.0
5986,13.0
5987,1.0
5988,2.0
5989,0.0
5990,8.0
5991,1.0
5992,9.0
5993,0.0
5994,0.0
5995,16.0
5996,0.0
5997,12.0
5998,0.0
5999,2.0
6000,17.0
6001,13.0
6002,1.0
6003,4.0
6004,0.0
6005,2.0
6006,0.0
6007,0.0
6008,1.0
6009,13.0
6010,18.0
6011,5.0
6012,0.0
6013,0.0
6014,1.0
6015,0.0
6016,0.0
6017,3.0
6018,2.0
6019,7.0
6020,0.0
6021,0.0
6022,7.0
6023,11.0
6024,0.0
6025,0.0
6026,10.0
6027,0.0
6028,3.0
6029,14.0
6030,6.0
6031,0.0
6032,0.0
6033,0.0
6034,6.0
6035,0.0
6036,0.0
6037,12.0
6038,0.0
6039,0.0
6040,15.0
6041,0.0
6042,0.0
6043,0.0
6044,4.0
6045,0.0
6046,0.0
6047,9.0
6048,0.0
6049,15.0
6050,0.0
6051,17.0
6052,0.0
6053,0.0
6054,0.0
6055,0.0
6056,6.0
6057,5.0
6058,14.0
6059,0.0
6060,0.0
6061,4.0
6062,6.0
6063,16.0
6064,0.0
6065,18.0
6066,0.0
6067,0.0
6068,0.0
6069,6.0
6070,0.0
6071,2.0
6072,0.0
6073,0.0
6074,0.0
6075,12.0
6076,6.0
6077,0.0
6078,13.0
6079,13.0
6080,5.0
6081,17.0
6082,11.0
6083,13.0
6084,6.0
6085,0.0
6086,0.0
6087,2.0
6088,4.0
6089,0.0
6090,0.0
6091,0.0
6092,11.0
6093,10.0
6094,0.0
6095,15.0
6096,0.0
6097,0.0
6098,4.0
6099,0.0
6100,2.0
6101,7.0
6102,14.0
6103,17.0
6104,7.0
6105,8.0
6106,0.0
6107,0.0
6108,6.0
6109,0.0
6110,0.0
6111,0.0
6112,12.0
6113,0.0
6114,16.0
6115,13.0
6116,13.0
6117,0.0
6118,0.0
6119,1.0
6120,0.0
6121,0.0
6122,0.0
6123,17.0
6124,0.0
6125,0.0
6126,8.0
6127,5.0
6128,6.0
6129,7.0
6130,12.0
6131,0.0
6132,0.0
6133,0.0
6134,2.0
6135,7.0
6136,18.0
6137,11.0
6138,0.0
6139,0.0
6140,10.0
6141,7.0
6142,15.0
6143,0.0
6144,0.0
6145,12.0
6146,6.0
6147,0.0
6148,2.0
6149,0.0
6150,18.0
6151,9.0
6152,0.0
6153,5.0
6154,1.0
6155,9.0
6156,14.0
6157,0.0
6158,0.0
6159,0.0
6160,0.0
6161,11.0
6162,5.0
6163,17.0
6164,4.0
6165,12.0
6166,14.0
6167,0.0
6168,6.0
6169,0.0
6170,2.0
6171,13.0
6172,7.0
6173,0.0
6174,4.0
6175,5.0
6176,0.0
6177,0.0
6178,0.0
6179,0.0
6180,12.0
6181,0.0
6182,3.0
6183,2.0
6184,17.0
6185,0.0
6186,0.0
6187,5.0
6188,1.0
6189,0.0
6190,1.0
6191,0.0
6192,5.0
6193,0.0
6194,6.0
6195,0.0
6196,0.0
6197,0.0
6198,8.0
6199,0.0
6200,5.0
6201,0.0
6202,0.0
6203,13.0
6204,0.0
6205,0.0
6206,0.0
6207,12.0
6208,5.0
6209,0.0
6210,0.0
6211,2.0
6212,7.0
6213,10.0
6214,15.0
6215,0.0
6216,9.0
6217,0.0
6218,0.0
6219,0.0
6220,0.0
6221,7.0
6222,0.0
6223,0.0
6224,18.0
6225,4.0
6226,0.0
6227,5.0
6228,5.0
6229,0.0
6230,0.0
6231,2.0
6232,5.0
6233,0.0
6234,5.0
6235,2.0
6236,14.0
6237,13.0
6238,8.0
6239,0.0
6240,14.0
6241,0.0
6242,8.0
6243,13.0
6244,4.0
6245,1.0
6246,16.0
6247,17.0
6248,0.0
6249,0.0
6250,1.0
6251,0.0
6252,0.0
6253,7.0
6254,0.0
6255,8.0
6256,3.0
6257,18.0
6258,1.0
6259,3.0
6260,0.0
6261,0.0
6262,13.0
6263,0.0
6264,0.0
6265,8.0
6266,6.0
6267,11.0
6268,0.0
6269,8.0
6270,0.0
6271,1.0
6272,0.0
6273,15.0
6274,0.0
6275,0.0
6276,0.0
6277,0.0
6278,11.0
6279,18.0
6280,10.0
6281,4.0
6282,0.0
6283,8.0
6284,0.0
6285,3.0
6286,2.0
6287,14.0
6288,6.0
6289,0.0
6290,0.0
6291,0.0
6292,0.0
6293,6.0
6294,0.0
6295,16.0
6296,0.0
6297,0.0
6298,0.0
6299,0.0
6300,2.0
6301,13.0
6302,0.0
6303,9.0
6304,7.0
6305,0.0
6306,0.0
6307,9.0
6308,14.0
6309,0.0
6310,2.0
6311,0.0
6312,0.0
6313,0.0
6314,2.0
6315,13.0
6316,0.0
6317,0.0
6318,0.0
6319,3.0
6320,8.0
6321,0.0
6322,0.0
6323,13.0
6324,0.0
6325,14.0
6326,0.0
6327,0.0
6328,1.0
6329,0.0
6330,0.0
6331,0.0
6332,7.0
6333,0.0
6334,0.0
6335,8.0
6336,8.0
6337,17.0
6338,0.0
6339,1.0
6340,13.0
6341,4.0
6342,14.0
6343,0.0
6344,4.0
6345,15.0
6346,2.0
6347,13.0
6348,0.0
6349,0.0
6350,0.0
6351,0.0
6352,4.0
6353,0.0
6354,0.0
6355,0.0
6356,5.0
6357,3.0
6358,0.0
6359,13.0
6360,4.0
6361,1.0
6362,10.0
6363,0.0
6364,0.0
6365,0.0
6366,7.0
6367,0.0
6368,0.0
6369,0.0
6370,0.0
6371,10.0
6372,0.0
6373,10.0
6374,0.0
6375,10.0
6376,13.0
6377,15.0
6378,7.0
6379,0.0
6380,0.0
6381,0.0
6382,0.0
6383,3.0
6384,18.0
6385,0.0
6386,6.0
6387,0.0
6388,3.0
6389,0.0
6390,0.0
6391,1.0
6392,0.0
6393,17.0
6394,7.0
6395,0.0
6396,12.0
6397,0.0
6398,14.0
6399,16.0
6400,0.0
6401,0.0
6402,0.0
6403,18.0
6404,0.0
6405,5.0
6406,3.0
6407,1.0
6408,4.0
6409,0.0
6410,9.0
6411,6.0
6412,0.0
6413,0.0
6414,2.0
6415,0.0
6416,0.0
6417,0.0
6418,17.0
6419,0.0
6420,14.0
6421,0.0
6422,15.0
6423,0.0
6424,0.0
6425,10.0
6426,0.0
6427,0.0
6428,8.0
6429,3.0
6430,0.0
6431,16.0
6432,6.0
6433,0.0
6434,0.0
6435,17.0
6436,0.0
6437,5.0
6438,3.0
6439,7.0
6440,13.0
6441,0.0
6442,0.0
6443,15.0
6444,18.0
6445,0.0
6446,0.0
6447,0.0
6448,15.0
6449,0.0
6450,0.0
6451,0.0
6452,14.0
6453,1.0
6454,0.0
6455,5.0
6456,5.0
6457,0.0
6458,3.0
6459,7.0
6460,4.0
6461,1.0
6462,0.0
6463,18.0
6464,8.0
6465,14.0
6466,11.0
6467,3.0
6468,18.0
6469,5.0
6470,0.0
6471,0.0
6472,0.0
6473,8.0
6474,0.0
6475,4.0
6476,3.0
6477,0.0
6478,0.0
6479,0.0
6480,9.0
6481,0.0
6482,8.0
6483,0.0
6484,0.0
6485,0.0
6486,17.0
6487,10.0
6488,12.0
6489,15.0
6490,0.0
6491,0.0
6492,12.0
6493,0.0
6494,12.0
6495,0.0
6496,16.0
6497,3.0
6498,5.0
6499,12.0
6500,8.0
6501,10.0
6502,0.0
6503,5.0
6504,18.0
6505,0.0
6506,0.0
6507,13.0
6508,6.0
6509,5.0
6510,0.0
6511,0.0
6512,8.0
6513,17.0
6514,0.0
6515,0.0
6516,2.0
6517,17.0
6518,18.0
6519,9.0
6520,18.0
6521,0.0
6522,11.0
6523,9.0
6524,0.0
6525,0.0
6526,7.0
6527,12.0
6528,12.0
6529,0.0
6530,14.0
6531,8.0
6532,17.0
6533,0.0
6534,15.0
6535,13.0
6536,0.0
6537,0.0
6538,0.0
6539,0.0
6540,2.0
6541,14.0
6542,1.0
6543,0.0
6544,18.0
6545,0.0
6546,17.0
6547,13.0
6548,13.0
6549,2.0
6550,5.0
6551,0.0
6552,0.0
6553,0.0
6554,17.0
6555,0.0
6556,1.0
6557,0.0
6558,0.0
6559,16.0
6560,8.0
6561,1.0
6562,12.0
6563,0.0
6564,4.0
6565,0.0
6566,12.0
6567,14.0
6568,1.0
6569,12.0
6570,0.0
6571,17.0
6572,0.0
6573,0.0
6574,14.0
6575,2.0
6576,0.0
6577,0.0
6578,0.0
6579,1.0
6580,8.0
6581,3.0
6582,0.0
6583,13.0
6584,8.0
6585,5.0
6586,0.0
6587,5.0
6588,0.0
6589,8.0
6590,8.0
6591,0.0
6592,1.0
6593,0.0
6594,0.0
6595,14.0
6596,0.0
6597,0.0
6598,18.0
6599,15.0
6600,0.0
6601,4.0
6602,14.0
6603,14.0
6604,17.0
6605,3.0
6606,7.0
6607,0.0
6608,15.0
6609,14.0
6610,7.0
6611,18.0
6612,16.0
6613,16.0
6614,0.0
6615,18.0
6616,6.0
6617,18.0
6618,0.0
6619,12.0
6620,0.0
6621,5.0
6622,0.0
6623,0.0
6624,0.0
6625,0.0
6626,6.0
6627,0.0
6628,0.0
6629,0.0
6630,6.0
6631,0.0
6632,14.0
6633,0.0
6634,0.0
6635,9.0
6636,6.0
6637,18.0
6638,13.0
6639,0.0
6640,0.0
6641,0.0
6642,13.0
6643,13.0
6644,15.0
6645,0.0
6646,10.0
6647,6.0
6648,0.0
6649,0.0
6650,0.0
6651,13.0
6652,0.0
6653,13.0
6654,0.0
6655,14.0
6656,11.0
6657,0.0
6658,1.0
6659,5.0
6660,10.0
6661,15.0
6662,2.0
6663,0.0
6664,15.0
6665,9.0
6666,5.0
6667,14.0
6668,16.0
6669,17.0
6670,0.0
6671,0.0
6672,11.0
6673,5.0
6674,0.0
6675,15.0
6676,0.0
6677,0.0
6678,0.0
6679,0.0
6680,12.0
6681,0.0
6682,0.0
6683,0.0
6684,0.0
6685,0.0
6686,5.0
6687,5.0
6688,0.0
6689,0.0
6690,4.0
6691,9.0
6692,18.0
6693,0.0
6694,12.0
6695,8.0
6696,0.0
6697,0.0
6698,0.0
6699,18.0
6700,0.0
6701,16.0
6702,10.0
6703,0.0
6704,0.0
6705,0.0
6706,0.0
6707,0.0
6708,0.0
6709,12.0
6710,17.0
6711,3.0
6712,16.0
6713,0.0
6714,0.0
6715,0.0
6716,0.0
6717,0.0
6718,18.0
6719,8.0
6720,12.0
6721,0.0
6722,17.0
6723,1.0
6724,0.0
6725,13.0
6726,3.0
6727,0.0
6728,12.0
6729,0.0
6730,0.0
6731,4.0
6732,2.0
6733,0.0
6734,0.0
6735,0.0
6736,4.0
6737,0.0
6738,0.0
6739,15.0
6740,0.0
6741,11.0
6742,10.0
6743,0.0
6744,9.0
6745,0.0
6746,0.0
6747,0.0
6748,0.0
6749,0.0
6750,17.0
6751,6.0
6752,8.0
6753,17.0
6754,0.0
6755,0.0
6756,12.0
6757,0.0
6758,9.0
6759,13.0
6760,5.0
6761,0.0
6762,8.0
6763,3.0
6764,16.0
6765,13.0
6766,9.0
6767,0.0
6768,0.0
6769,0.0
6770,0.0
6771,0.0
6772,2.0
6773,0.0
6774,0.0
6775,18.0
6776,16.0
6777,0.0
6778,0.0
6779,0.0
6780,12.0
6781,0.0
6782,10.0
6783,0.0
6784,6.0
6785,14.0
6786,9.0
6787,1.0
6788,0.0
6789,0.0
6790,10.0
6791,0.0
6792,0.0
6793,0.0
6794,0.0
6795,6.0
6796,0.0
6797,0.0
6798,0.0
6799,0.0
6800,18.0
6801,4.0
6802,0.0
6803,11.0
6804,17.0
6805,3.0
6806,16.0
6807,0.0
6808,0.0
6809,0.0
6810,0.0
6811,10.0
6812,18.0
6813,0.0
6814,0.0
6815,12.0
6816,0.0
6817,0.0
6818,4.0
6819,18.0
6820,14.0
6821,10.0
6822,15.0
6823,1.0
6824,17.0
6825,0.0
6826,9.0
6827,0.0
6828,9.0
6829,0.0
6830,0.0
6831,16.0
6832,4.0
6833,7.0
6834,7.0
6835,0.0
6836,4.0
6837,0.0
6838,0.0
6839,6.0
6840,0.0
6841,0.0
6842,8.0
6843,5.0
6844,12.0
6845,3.0
6846,0.0
6847,0.0
6848,13.0
6849,8.0
6850,5.0
6851,0.0
6852,0.0
6853,1.0
6854,5.0
6855,0.0
6856,0.0
6857,10.0
6858,13.0
6859,0.0
6860,0.0
6861,11.0
6862,5.0
6863,12.0
6864,0.0
6865,5.0
6866,0.0
6867,0.0
6868,15.0
6869,0.0
6870,0.0
6871,18.0
6872,9.0
6873,18.0
6874,1.0
6875,0.0
6876,0.0
6877,0.0
6878,0.0
6879,17.0
6880,0.0
6881,13.0
6882,2.0
6883,0.0
6884,12.0
6885,1.0
6886,0.0
6887,0.0
6888,17.0
6889,0.0
6890,6.0
6891,11.0
6892,0.0
6893,0.0
6894,2.0
6895,0.0
6896,2.0
6897,0.0
6898,9.0
6899,9.0
6900,12.0
6901,8.0
6902,3.0
6903,0.0
6904,0.0
6905,4.0
6906,2.0
6907,13.0
6908,14.0
6909,3.0
6910,0.0
6911,2.0
6912,5.0
6913,0.0
6914,0.0
6915,0.0
6916,7.0
6917,6.0
6918,13.0
6919,12.0
6920,0.0
6921,0.0
6922,5.0
6923,11.0
6924,5.0
6925,5.0
6926,5.0
6927,5.0
6928,4.0
6929,13.0
6930,16.0
6931,0.0
6932,0.0
6933,3.0
6934,18.0
6935,11.0
6936,0.0
6937,0.0
6938,0.0
6939,0.0
6940,17.0
6941,2.0
6942,6.0
6943,15.0
6944,12.0
6945,0.0
6946,0.0
6947,5.0
6948,1.0
6949,15.0
6950,4.0
6951,8.0
6952,3.0
6953,5.0
6954,0.0
6955,6.0
6956,0.0
6957,0.0
6958,0.0
6959,0.0
6960,11.0
6961,0.0
6962,0.0
6963,0.0
6964,10.0
6965,13.0
6966,16.0
6967,0.0
6968,0.0
6969,15.0
6970,0.0
6971,6.0
6972,18.0
6973,15.0
6974,4.0
6975,15.0
6976,18.0
6977,15.0
6978,14.0
6979,0.0
6980,0.0
6981,0.0
6982,7.0
6983,0.0
6984,6.0
6985,0.0
6986,18.0
6987,7.0
6988,0.0
6989,0.0
6990,0.0
6991,13.0
6992,4.0
6993,0.0
6994,0.0
6995,16.0
6996,18.0
6997,0.0
6998,9.0
6999,13.0
7000,5.0
7001,15.0
7002,0.0
7003,15.0
7004,0.0
7005,3.0
7006,0.0
7007,0.0
7008,0.0
7009,8.0
7010,13.0
7011,0.0
7012,0.0
7013,13.0
7014,12.0
7015,13.0
7016,1.0
7017,0.0
7018,0.0
7019,0.0
7020,0.0
7021,5.0
7022,0.0
7023,0.0
7024,0.0
7025,0.0
7026,1.0
7027,0.0
7028,0.0
7029,0.0
7030,0.0
7031,13.0
7032,17.0
7033,14.0
7034,0.0
7035,0.0
7036,0.0
7037,0.0
7038,18.0
7039,0.0
7040,4.0
7041,18.0
7042,6.0
7043,0.0
7044,0.0
7045,9.0
7046,6.0
7047,16.0
7048,1.0
7049,8.0
7050,0.0
7051,4.0
7052,16.0
7053,8.0
7054,10.0
7055,14.0
7056,14.0
7057,6.0
7058,4.0
7059,0.0
7060,18.0
7061,17.0
7062,9.0
7063,16.0
7064,0.0
7065,0.0
7066,7.0
7067,0.0
7068,0.0
7069,9.0
7070,14.0
7071,10.0
7072,8.0
7073,5.0
7074,17.0
7075,0.0
7076,0.0
7077,16.0
7078,0.0
7079,15.0
7080,0.0
7081,12.0
7082,5.0
7083,8.0
7084,10.0
7085,0.0
7086,0.0
7087,0.0
7088,8.0
7089,5.0
7090,0.0
7091,17.0
7092,16.0
7093,0.0
7094,13.0
7095,14.0
7096,0.0
7097,15.0
7098,0.0
7099,18.0
7100,18.0
7101,0.0
7102,16.0
7103,9.0
7104,0.0
7105,4.0
7106,1.0
7107,0.0
7108,6.0
7109,15.0
7110,8.0
7111,7.0
7112,9.0
7113,10.0
7114,3.0
7115,6.0
7116,10.0
7117,0.0
7118,7.0
7119,0.0
7120,8.0
7121,9.0
7122,1.0
7123,0.0
7124,0.0
7125,11.0
7126,0.0
7127,0.0
7128,0.0
7129,14.0
7130,2.0
7131,0.0
7132,11.0
7133,0.0
7134,0.0
7135,11.0
7136,0.0
7137,14.0
7138,16.0
7139,0.0
7140,0.0
7141,1.0
7142,0.0
7143,0.0
7144,0.0
7145,12.0
7146,1.0
7147,0.0
7148,8.0
7149,0.0
7150,12.0
7151,2.0
7152,0.0
7153,17.0
7154,13.0
7155,10.0
7156,0.0
7157,18.0
7158,9.0
7159,9.0
7160,3.0
7161,0.0
7162,5.0
7163,2.0
7164,0.0
7165,14.0
7166,4.0
7167,3.0
7168,0.0
7169,0.0
7170,5.0
7171,0.0
7172,0.0
7173,0.0
7174,14.0
7175,4.0
7176,18.0
7177,13.0
7178,0.0
7179,11.0
7180,17.0
7181,0.0
7182,0.0
7183,0.0
7184,0.0
7185,3.0
7186,13.0
7187,0.0
7188,4.0
7189,6.0
7190,14.0
7191,18.0
7192,10.0
7193,13.0
7194,0.0
7195,0.0
7196,0.0
7197,0.0
7198,0.0
7199,0.0
7200,0.0
7201,0.0
7202,0.0
7203,4.0
7204,15.0
7205,0.0
7206,0.0
7207,0.0
7208,15.0
7209,18.0
7210,0.0
7211,15.0
7212,18.0
7213,0.0
7214,0.0
7215,11.0
7216,1.0
7217,0.0
7218,0.0
7219,9.0
7220,1.0
7221,10.0
7222,13.0
7223,2.0
7224,3.0
7225,5.0
7226,0.0
7227,13.0
7228,4.0
7229,0.0
7230,6.0
7231,0.0
7232,0.0
7233,16.0
7234,15.0
7235,14.0
7236,13.0
7237,11.0
7238,6.0
7239,2.0
7240,16.0
7241,18.0
7242,7.0
7243,11.0
7244,2.0
7245,0.0
7246,0.0
7247,18.0
7248,1.0
7249,0.0
7250,0.0
7251,3.0
7252,0.0
7253,6.0
7254,0.0
7255,0.0
7256,17.0
7257,7.0
7258,0.0
7259,7.0
7260,5.0
7261,0.0
7262,0.0
7263,0.0
7264,5.0
7265,12.0
7266,0.0
7267,10.0
7268,0.0
7269,0.0
7270,6.0
7271,0.0
7272,12.0
7273,0.0
7274,0.0
7275,0.0
7276,13.0
7277,10.0
7278,14.0
7279,9.0
7280,0.0
7281,0.0
7282,0.0
7283,0.0
7284,0.0
7285,6.0
7286,14.0
7287,12.0
7288,0.0
7289,17.0
7290,11.0
7291,0.0
7292,7.0
7293,17.0
7294,0.0
7295,4.0
7296,0.0
7297,17.0
7298,0.0
7299,18.0
7300,16.0
7301,0.0
7302,5.0
7303,0.0
7304,15.0
7305,0.0
7306,0.0
7307,0.0
7308,0.0
7309,0.0
7310,0.0
7311,0.0
7312,17.0
7313,11.0
7314,15.0
7315,0.0
7316,7.0
7317,0.0
7318,0.0
7319,8.0
7320,0.0
7321,0.0
7322,0.0
7323,0.0
7324,5.0
7325,0.0
7326,6.0
7327,9.0
7328,0.0
7329,0.0
7330,0.0
7331,0.0
7332,16.0
7333,0.0
7334,5.0
7335,1.0
7336,0.0
7337,0.0
7338,0.0
7339,0.0
7340,4.0
7341,0.0
7342,16.0
7343,9.0
7344,0.0
7345,0.0
7346,11.0
7347,0.0
7348,0.0
7349,13.0
7350,13.0
7351,0.0
7352,12.0
7353,2.0
7354,16.0
7355,8.0
7356,0.0
7357,1.0
7358,0.0
7359,9.0
7360,18.0
7361,12.0
7362,5.0
7363,4.0
7364,0.0
7365,3.0
7366,1.0
7367,0.0
7368,0.0
7369,3.0
7370,13.0
7371,0.0
7372,7.0
7373,17.0
7374,0.0
7375,0.0
7376,7.0
7377,8.0
7378,0.0
7379,0.0
7380,16.0
7381,6.0
7382,10.0
7383,0.0
7384,2.0
7385,0.0
7386,0.0
7387,5.0
7388,0.0
7389,0.0
7390,9.0
7391,0.0
7392,0.0
7393,9.0
7394,0.0
7395,9.0
7396,0.0
7397,5.0
7398,0.0
7399,0.0
7400,0.0
7401,2.0
7402,12.0
7403,0.0
7404,0.0
7405,0.0
7406,9.0
7407,0.0
7408,11.0
7409,0.0
7410,6.0
7411,5.0
7412,0.0
7413,17.0
7414,0.0
7415,0.0
7416,9.0
7417,0.0
7418,0.0
7419,7.0
7420,4.0
7421,0.0
7422,16.0
7423,0.0
7424,0.0
7425,6.0
7426,5.0
7427,0.0
7428,4.0
7429,0.0
7430,3.0
7431,5.0
7432,16.0
7433,0.0
7434,15.0
7435,4.0
7436,0.0
7437,0.0
7438,8.0
7439,17.0
7440,15.0
7441,4.0
7442,0.0
7443,16.0
7444,0.0
7445,0.0
7446,2.0
7447,15.0
7448,0.0
7449,16.0
7450,13.0
7451,0.0
7452,9.0
7453,12.0
7454,0.0
7455,15.0
7456,15.0
7457,0.0
7458,0.0
7459,2.0
7460,0.0
7461,0.0
7462,0.0
7463,18.0
7464,0.0
7465,13.0
7466,13.0
7467,9.0
7468,0.0
7469,8.0
7470,0.0
7471,16.0
7472,0.0
7473,0.0
7474,12.0
7475,0.0
7476,7.0
7477,16.0
7478,15.0
7479,5.0
7480,0.0
7481,12.0
7482,0.0
7483,0.0
7484,5.0
7485,0.0
7486,10.0
7487,0.0
7488,0.0
7489,0.0
7490,5.0
7491,0.0
7492,12.0
7493,0.0
7494,12.0
7495,0.0
7496,18.0
7497,0.0
7498,4.0
7499,0.0
7500,11.0
7501,3.0
7502,0.0
7503,0.0
7504,16.0
7505,0.0
7506,3.0
7507,3.0
7508,14.0
7509,0.0
7510,0.0
7511,12.0
7512,10.0
7513,0.0
7514,0.0
7515,0.0
7516,0.0
7517,12.0
7518,0.0
7519,0.0
7520,0.0
7521,14.0
7522,3.0
7523,14.0
7524,2.0
7525,0.0
7526,0.0
7527,14.0
7528,0.0
7529,0.0
7530,3.0
7531,18.0
7532,1.0
7533,1.0
7534,0.0
7535,0.0
7536,0.0
7537,0.0
7538,0.0
7539,1.0
7540,18.0
7541,0.0
7542,11.0
7543,0.0
7544,0.0
7545,18.0
7546,11.0
7547,0.0
7548,7.0
7549,0.0
7550,11.0
7551,3.0
7552,14.0
7553,15.0
7554,16.0
7555,18.0
7556,0.0
7557,0.0
7558,17.0
7559,0.0
7560,0.0
7561,0.0
7562,0.0
7563,0.0
7564,13.0
7565,0.0
7566,0.0
7567,3.0
7568,0.0
7569,0.0
7570,1.0
7571,0.0
7572,0.0
7573,1.0
7574,13.0
7575,0.0
7576,14.0
7577,0.0
7578,10.0
7579,16.0
7580,0.0
7581,15.0
7582,0.0
7583,4.0
7584,8.0
7585,17.0
7586,0.0
7587,4.0
7588,2.0
7589,0.0
7590,0.0
7591,0.0
7592,10.0
7593,0.0
7594,0.0
7595,14.0
7596,11.0
7597,0.0
7598,3.0
7599,17.0
7600,14.0
7601,16.0
7602,12.0
7603,3.0
7604,9.0
7605,16.0
7606,0.0
7607,0.0
7608,16.0
7609,16.0
7610,0.0
7611,10.0
7612,0.0
7613,5.0
7614,0.0
7615,16.0
7616,11.0
7617,16.0
7618,0.0
7619,0.0
7620,16.0
7621,6.0
7622,0.0
7623,16.0
7624,0.0
7625,13.0
7626,0.0
7627,0.0
7628,18.0
7629,0.0
7630,7.0
7631,12.0
7632,0.0
7633,3.0
7634,0.0
7635,0.0
7636,14.0
7637,0.0
7638,3.0
7639,0.0
7640,8.0
7641,5.0
7642,0.0
7643,0.0
7644,0.0
7645,0.0
7646,0.0
7647,11.0
7648,10.0
7649,0.0
7650,9.0
7651,0.0
7652,2.0
7653,3.0
7654,13.0
7655,0.0
7656,15.0
7657,0.0
7658,6.0
7659,5.0
7660,7.0
7661,11.0
7662,0.0
7663,2.0
7664,8.0
7665,8.0
7666,15.0
7667,9.0
7668,0.0
7669,16.0
7670,3.0
7671,9.0
7672,0.0
7673,5.0
7674,0.0
7675,8.0
7676,15.0
7677,0.0
7678,0.0
7679,0.0
7680,0.0
7681,13.0
7682,9.0
7683,0.0
7684,5.0
7685,0.0
7686,0.0
7687,2.0
7688,0.0
7689,12.0
7690,0.0
7691,5.0
7692,0.0
7693,9.0
7694,0.0
7695,12.0
7696,2.0
7697,16.0
7698,10.0
7699,0.0
7700,0.0
7701,0.0
7702,0.0
7703,16.0
7704,18.0
7705,0.0
7706,8.0
7707,0.0
7708,0.0
7709,0.0
7710,4.0
7711,7.0
7712,0.0
7713,0.0
7714,4.0
7715,4.0
7716,0.0
7717,9.0
7718,0.0
7719,0.0
7720,10.0
7721,13.0
7722,0.0
7723,8.0
7724,0.0
7725,0.0
7726,0.0
7727,0.0
7728,4.0
7729,7.0
7730,14.0
7731,5.0
7732,1.0
7733,0.0
7734,0.0
7735,15.0
7736,3.0
7737,18.0
7738,2.0
7739,7.0
7740,0.0
7741,6.0
7742,0.0
7743,0.0
7744,16.0
7745,0.0
7746,8.0
7747,0.0
7748,0.0
7749,13.0
7750,3.0
7751,0.0
7752,0.0
7753,0.0
7754,0.0
7755,0.0
7756,0.0
7757,12.0
7758,12.0
7759,0.0
7760,0.0
7761,18.0
7762,0.0
7763,0.0
7764,0.0
7765,17.0
7766,0.0
7767,4.0
7768,0.0
7769,5.0
7770,0.0
7771,0.0
7772,17.0
7773,7.0
7774,16.0
7775,2.0
7776,0.0
7777,0.0
7778,9.0
7779,16.0
7780,0.0
7781,0.0
7782,3.0
7783,0.0
7784,17.0
7785,12.0
7786,0.0
7787,14.0
7788,0.0
7789,7.0
7790,0.0
7791,3.0
7792,0.0
7793,18.0
7794,16.0
7795,0.0
7796,10.0
7797,15.0
7798,0.0
7799,6.0
7800,0.0
7801,3.0
7802,0.0
7803,7.0
7804,13.0
7805,11.0
7806,9.0
7807,5.0
7808,0.0
7809,11.0
7810,7.0
7811,0.0
7812,15.0
7813,12.0
7814,0.0
7815,0.0
7816,6.0
7817,0.0
7818,16.0
7819,0.0
7820,0.0
7821,0.0
7822,3.0
7823,17.0
7824,12.0
7825,0.0
7826,9.0
7827,8.0
7828,0.0
7829,0.0
7830,4.0
7831,0.0
7832,8.0
7833,13.0
7834,0.0
7835,2.0
7836,0.0
7837,9.0
7838,13.0
7839,15.0
7840,0.0
7841,5.0
7842,0.0
7843,6.0
7844,0.0
7845,0.0
7846,0.0
7847,16.0
7848,16.0
7849,0.0
7850,9.0
7851,0.0
7852,12.0
7853,0.0
7854,15.0
7855,0.0
7856,0.0
7857,16.0
7858,0.0
7859,18.0
7860,3.0
7861,0.0
7862,0.0
7863,8.0
7864,18.0
7865,13.0
7866,17.0
7867,0.0
7868,0.0
7869,8.0
7870,16.0
7871,6.0
7872,0.0
7873,12.0
7874,0.0
7875,0.0
7876,16.0
7877,0.0
7878,6.0
7879,12.0
7880,0.0
7881,0.0
7882,2.0
7883,8.0
7884,12.0
7885,0.0
7886,5.0
7887,6.0
7888,0.0
7889,18.0
7890,6.0
7891,0.0
7892,15.0
7893,3.0
7894,0.0
7895,0.0
7896,2.0
7897,0.0
7898,4.0
7899,0.0
7900,15.0
7901,6.0
7902,0.0
7903,9.0
7904,0.0
7905,0.0
7906,0.0
7907,12.0
7908,10.0
7909,6.0
7910,5.0
7911,13.0
7912,12.0
7913,0.0
7914,0.0
7915,0.0
7916,0.0
7917,0.0
7918,1.0
7919,17.0
7920,15.0
7921,0.0
7922,0.0
7923,14.0
7924,0.0
7925,0.0
7926,0.0
7927,0.0
7928,5.0
7929,0.0
7930,0.0
7931,13.0
7932,13.0
7933,4.0
7934,0.0
7935,5.0
7936,17.0
7937,12.0
7938,2.0
7939,1.0
7940,5.0
7941,0.0
7942,3.0
7943,0.0
7944,0.0
7945,17.0
7946,0.0
7947,13.0
7948,13.0
7949,0.0
7950,5.0
7951,0.0
7952,2.0
7953,9.0
7954,8.0
7955,0.0
7956,10.0
7957,4.0
7958,0.0
7959,0.0
7960,13.0
7961,15.0
7962,0.0
7963,9.0
7964,0.0
7965,0.0
7966,17.0
7967,13.0
7968,0.0
7969,13.0
7970,5.0
7971,1.0
7972,0.0
7973,3.0
7974,0.0
7975,3.0
7976,4.0
7977,9.0
7978,16.0
7979,14.0
7980,0.0
7981,0.0
7982,0.0
7983,0.0
7984,15.0
7985,0.0
7986,12.0
7987,0.0
7988,0.0
7989,0.0
7990,9.0
7991,5.0
7992,0.0
7993,0.0
7994,5.0
7995,5.0
7996,3.0
7997,15.0
7998,0.0
7999,5.0
8000,12.0
8001,14.0
8002,0.0
8003,1.0
8004,6.0
8005,12.0
8006,18.0
8007,0.0
8008,0.0
8009,10.0
8010,0.0
8011,9.0
8012,5.0
8013,13.0
8014,0.0
8015,0.0
8016,4.0
8017,12.0
8018,0.0
8019,0.0
8020,0.0
8021,7.0
8022,0.0
8023,4.0
8024,0.0
8025,7.0
8026,17.0
8027,14.0
8028,0.0
8029,5.0
8030,5.0
8031,17.0
8032,18.0
8033,2.0
8034,10.0
8035,0.0
8036,7.0
8037,18.0
8038,3.0
8039,4.0
8040,1.0
8041,0.0
8042,11.0
8043,11.0
8044,0.0
8045,0.0
8046,0.0
8047,0.0
8048,14.0
8049,15.0
8050,17.0
8051,8.0
8052,0.0
8053,1.0
8054,5.0
8055,0.0
8056,18.0
8057,13.0
8058,18.0
8059,8.0
8060,12.0
8061,14.0
8062,0.0
8063,13.0
8064,0.0
8065,18.0
8066,0.0
8067,3.0
8068,11.0
8069,3.0
8070,13.0
8071,11.0
8072,0.0
8073,14.0
8074,7.0
8075,4.0
8076,17.0
8077,11.0
8078,10.0
8079,0.0
8080,17.0
8081,0.0
8082,0.0
8083,3.0
8084,0.0
8085,2.0
8086,0.0
8087,6.0
8088,0.0
8089,0.0
8090,0.0
8091,0.0
8092,0.0
8093,0.0
8094,14.0
8095,0.0
8096,18.0
8097,0.0
8098,0.0
8099,12.0
8100,0.0
8101,9.0
8102,11.0
8103,4.0
8104,0.0
8105,0.0
8106,10.0
8107,0.0
8108,2.0
8109,12.0
8110,6.0
8111,0.0
8112,0.0
8113,0.0
8114,0.0
8115,12.0
8116,0.0
8117,9.0
8118,2.0
8119,0.0
8120,0.0
8121,9.0
8122,0.0
8123,18.0
8124,13.0
8125,6.0
8126,1.0
8127,18.0
8128,8.0
8129,8.0
8130,8.0
8131,7.0
8132,2.0
8133,0.0
8134,2.0
8135,18.0
8136,0.0
8137,4.0
8138,12.0
8139,3.0
8140,5.0
8141,0.0
8142,0.0
8143,0.0
8144,0.0
8145,0.0
8146,0.0
8147,8.0
8148,18.0
8149,10.0
8150,0.0
8151,4.0
8152,17.0
8153,15.0
8154,0.0
8155,14.0
8156,13.0
8157,8.0
8158,0.0
8159,0.0
8160,0.0
8161,17.0
8162,0.0
8163,6.0
8164,5.0
8165,7.0
8166,0.0
8167,0.0
8168,9.0
8169,16.0
8170,0.0
8171,14.0
8172,0.0
8173,18.0
8174,4.0
8175,15.0
8176,12.0
8177,0.0
8178,0.0
8179,0.0
8180,4.0
8181,0.0
8182,0.0
8183,17.0
8184,15.0
8185,3.0
8186,0.0
8187,1.0
8188,18.0
8189,0.0
8190,7.0
8191,16.0
8192,4.0
8193,0.0
8194,0.0
8195,0.0
8196,0.0
8197,18.0
8198,16.0
8199,5.0
8200,14.0
8201,0.0
8202,11.0
8203,11.0
8204,0.0
8205,18.0
8206,0.0
8207,16.0
8208,18.0
8209,3.0
8210,14.0
8211,0.0
8212,16.0
8213,0.0
8214,0.0
8215,5.0
8216,13.0
8217,0.0
8218,1.0
8219,15.0
8220,4.0
8221,10.0
8222,0.0
8223,0.0
8224,1.0
8225,1.0
8226,0.0
8227,2.0
8228,0.0
8229,8.0
8230,5.0
8231,2.0
8232,0.0
8233,0.0
8234,8.0
8235,8.0
8236,0.0
8237,0.0
8238,0.0
8239,14.0
8240,3.0
8241,0.0
8242,2.0
8243,0.0
8244,0.0
8245,3.0
8246,16.0
8247,6.0
8248,0.0
8249,1.0
8250,16.0
8251,0.0
8252,14.0
8253,3.0
8254,18.0
8255,14.0
8256,3.0
8257,0.0
8258,0.0
8259,0.0
8260,18.0
8261,8.0
8262,0.0
8263,0.0
8264,0.0
8265,4.0
8266,7.0
8267,0.0
8268,15.0
8269,12.0
8270,9.0
8271,7.0
8272,0.0
8273,0.0
8274,4.0
8275,0.0
8276,0.0
8277,17.0
8278,6.0
8279,5.0
8280,9.0
8281,17.0
8282,12.0
8283,0.0
8284,5.0
8285,0.0
8286,4.0
8287,13.0
8288,0.0
8289,16.0
8290,6.0
8291,11.0
8292,18.0
8293,0.0
8294,0.0
8295,0.0
8296,11.0
8297,0.0
8298,0.0
8299,0.0
8300,0.0
8301,0.0
8302,0.0
8303,0.0
8304,0.0
8305,1.0
8306,0.0
8307,2.0
8308,0.0
8309,18.0
8310,12.0
8311,17.0
8312,9.0
8313,0.0
8314,0.0
8315,0.0
8316,10.0
8317,0.0
8318,5.0
8319,5.0
8320,5.0
8321,0.0
8322,0.0
8323,10.0
8324,2.0
8325,0.0
8326,3.0
8327,8.0
8328,0.0
8329,0.0
8330,12.0
8331,6.0
8332,14.0
8333,0.0
8334,3.0
8335,6.0
8336,17.0
8337,11.0
8338,0.0
8339,0.0
8340,3.0
8341,2.0
8342,16.0
8343,8.0
8344,0.0
8345,2.0
8346,14.0
8347,0.0
8348,0.0
8349,0.0
8350,12.0
8351,0.0
8352,1.0
8353,0.0
8354,14.0
8355,0.0
8356,0.0
8357,10.0
8358,5.0
8359,0.0
8360,0.0
8361,18.0
8362,0.0
8363,0.0
8364,0.0
8365,1.0
8366,13.0
8367,17.0
8368,8.0
8369,0.0
8370,0.0
8371,0.0
8372,9.0
8373,0.0
8374,15.0
8375,1.0
8376,4.0
8377,11.0
8378,0.0
8379,11.0
8380,0.0
8381,0.0
8382,18.0
8383,0.0
8384,0.0
8385,0.0
8386,5.0
8387,3.0
8388,6.0
8389,0.0
8390,15.0
8391,12.0
8392,13.0
8393,0.0
8394,1.0
8395,2.0
8396,13.0
8397,7.0
8398,14.0
8399,0.0
8400,8.0
8401,0.0
8402,0.0
8403,6.0
8404,12.0
8405,3.0
8406,3.0
8407,16.0
8408,0.0
8409,14.0
8410,0.0
8411,7.0
8412,0.0
8413,0.0
8414,0.0
8415,0.0
8416,0.0
8417,0.0
8418,9.0
8419,14.0
8420,12.0
8421,1.0
8422,0.0
8423,0.0
8424,18.0
8425,1.0
8426,5.0
8427,0.0
8428,0.0
8429,2.0
8430,13.0
8431,0.0
8432,9.0
8433,7.0
8434,0.0
8435,0.0
8436,12.0
8437,0.0
8438,1.0
8439,3.0
8440,0.0
8441,0.0
8442,9.0
8443,9.0
8444,18.0
8445,2.0
8446,0.0
8447,6.0
8448,15.0
8449,16.0
8450,0.0
8451,0.0
8452,5.0
8453,18.0
8454,16.0
8455,0.0
8456,0.0
8457,0.0
8458,0.0
8459,14.0
8460,0.0
8461,0.0
8462,14.0
8463,6.0
8464,12.0
8465,17.0
8466,5.0
8467,0.0
8468,15.0
8469,0.0
8470,1.0
8471,0.0
8472,2.0
8473,18.0
8474,0.0
8475,0.0
8476,0.0
8477,15.0
8478,8.0
8479,7.0
8480,15.0
8481,0.0
8482,4.0
8483,0.0
8484,0.0
8485,7.0
8486,18.0
8487,18.0
8488,0.0
8489,0.0
8490,4.0
8491,9.0
8492,0.0
8493,0.0
8494,15.0
8495,17.0
8496,7.0
8497,1.0
8498,7.0
8499,1.0
8500,9.0
8501,0.0
8502,11.0
8503,0.0
8504,0.0
8505,4.0
8506,15.0
8507,7.0
8508,2.0
8509,16.0
8510,0.0
8511,15.0
8512,7.0
8513,11.0
8514,4.0
8515,0.0
8516,0.0
8517,0.0
8518,0.0
8519,0.0
8520,0.0
8521,5.0
8522,0.0
8523,0.0
8524,0.0
8525,0.0
8526,0.0
8527,0.0
8528,5.0
8529,17.0
8530,18.0
8531,15.0
8532,16.0
8533,7.0
8534,17.0
8535,17.0
8536,2.0
8537,0.0
8538,4.0
8539,0.0
8540,3.0
8541,0.0
8542,8.0
8543,5.0
8544,7.0
8545,8.0
8546,18.0
8547,0.0
8548,13.0
8549,0.0
8550,0.0
8551,7.0
8552,0.0
8553,7.0
8554,8.0
8555,7.0
8556,0.0
8557,0.0
8558,9.0
8559,15.0
8560,15.0
8561,17.0
8562,0.0
8563,0.0
8564,0.0
8565,0.0
8566,18.0
8567,12.0
8568,0.0
8569,4.0
8570,5.0
8571,0.0
8572,9.0
8573,0.0
8574,3.0
8575,15.0
8576,16.0
8577,0.0
8578,0.0
8579,0.0
8580,13.0
8581,0.0
8582,3.0
8583,9.0
8584,0.0
8585,13.0
8586,8.0
8587,14.0
8588,0.0
8589,2.0
8590,15.0
8591,8.0
8592,0.0
8593,0.0
8594,10.0
8595,15.0
8596,0.0
8597,0.0
8598,15.0
8599,3.0
8600,9.0
8601,0.0
8602,15.0
8603,12.0
8604,0.0
8605,0.0
8606,14.0
8607,9.0
8608,8.0
8609,0.0
8610,0.0
8611,11.0
8612,0.0
8613,1.0
8614,16.0
8615,0.0
8616,5.0
8617,0.0
8618,0.0
8619,13.0
8620,5.0
8621,0.0
8622,17.0
8623,0.0
8624,0.0
8625,0.0
8626,5.0
8627,0.0
8628,6.0
8629,0.0
8630,14.0
8631,16.0
8632,1.0
8633,0.0
8634,8.0
8635,8.0
8636,0.0
8637,10.0
8638,14.0
8639,8.0
8640,0.0
8641,0.0
8642,0.0
8643,11.0
8644,17.0
8645,0.0
8646,16.0
8647,9.0
8648,6.0
8649,1.0
8650,0.0
8651,10.0
8652,9.0
8653,11.0
8654,15.0
8655,0.0
8656,0.0
8657,0.0
8658,6.0
8659,13.0
8660,0.0
8661,0.0
8662,12.0
8663,0.0
8664,0.0
8665,17.0
8666,13.0
8667,11.0
8668,13.0
8669,0.0
8670,6.0
8671,2.0
8672,16.0
8673,2.0
8674,8.0
8675,0.0
8676,0.0
8677,0.0
8678,0.0
8679,0.0
8680,13.0
8681,9.0
8682,3.0
8683,1.0
8684,0.0
8685,15.0
8686,0.0
8687,0.0
8688,0.0
8689,1.0
8690,0.0
8691,18.0
8692,17.0
8693,0.0
8694,0.0
8695,4.0
8696,8.0
8697,6.0
8698,13.0
8699,1.0
8700,4.0
8701,2.0
8702,0.0
8703,3.0
8704,17.0
8705,5.0
8706,2.0
8707,0.0
8708,15.0
8709,0.0
8710,2.0
8711,0.0
8712,14.0
8713,0.0
8714,12.0
8715,16.0
8716,9.0
8717,17.0
8718,12.0
8719,0.0
8720,0.0
8721,7.0
8722,0.0
8723,0.0
8724,0.0
8725,0.0
8726,11.0
8727,0.0
8728,9.0
8729,5.0
8730,17.0
8731,15.0
8732,3.0
8733,0.0
8734,0.0
8735,8.0
8736,0.0
8737,4.0
8738,2.0
8739,0.0
8740,0.0
8741,0.0
8742,8.0
8743,0.0
8744,4.0
8745,0.0
8746,0.0
8747,5.0
8748,0.0
8749,16.0
8750,0.0
8751,8.0
8752,11.0
8753,5.0
8754,0.0
8755,0.0
8756,16.0
8757,16.0
8758,15.0
8759,0.0
8760,0.0
8761,9.0
8762,4.0
8763,0.0
8764,1.0
8765,0.0
8766,17.0
8767,0.0
8768,0.0
8769,14.0
8770,16.0
8771,3.0
8772,2.0
8773,0.0
8774,0.0
8775,0.0
8776,0.0
8777,14.0
8778,8.0
8779,0.0
8780,0.0
8781,18.0
8782,0.0
8783,0.0
8784,2.0
8785,2.0
8786,12.0
8787,14.0
8788,16.0
8789,17.0
8790,0.0
8791,0.0
8792,2.0
8793,6.0
8794,0.0
8795,9.0
8796,0.0
8797,0.0
8798,0.0
8799,13.0
8800,0.0
8801,0.0
8802,13.0
8803,0.0
8804,12.0
8805,0.0
8806,6.0
8807,6.0
8808,14.0
8809,0.0
8810,0.0
8811,9.0
8812,12.0
8813,0.0
8814,0.0
8815,0.0
8816,6.0
8817,0.0
8818,16.0
8819,12.0
8820,1.0
8821,7.0
8822,15.0
8823,16.0
8824,13.0
8825,0.0
8826,7.0
8827,11.0
8828,10.0
8829,0.0
8830,0.0
8831,2.0
8832,0.0
8833,9.0
8834,0.0
8835,1.0
8836,16.0
8837,0.0
8838,0.0
8839,0.0
8840,0.0
8841,11.0
8842,9.0
8843,0.0
8844,0.0
8845,13.0
8846,6.0
8847,3.0
8848,0.0
8849,8.0
8850,3.0
8851,8.0
8852,15.0
8853,0.0
8854,10.0
8855,3.0
8856,7.0
8857,5.0
8858,3.0
8859,0.0
8860,8.0
8861,7.0
8862,17.0
8863,2.0
8864,8.0
8865,6.0
8866,0.0
8867,11.0
8868,0.0
8869,4.0
8870,18.0
8871,4.0
8872,5.0
8873,0.0
8874,3.0
8875,1.0
8876,0.0
8877,0.0
8878,12.0
8879,0.0
8880,0.0
8881,15.0
8882,0.0
8883,13.0
8884,7.0
8885,6.0
8886,0.0
8887,0.0
8888,1.0
8889,1.0
8890,5.0
8891,0.0
8892,8.0
8893,9.0
8894,6.0
8895,0.0
8896,0.0
8897,11.0
8898,2.0
8899,0.0
8900,6.0
8901,12.0
8902,0.0
8903,0.0
8904,0.0
8905,0.0
8906,7.0
8907,0.0
8908,3.0
8909,0.0
8910,0.0
8911,0.0
8912,0.0
8913,0.0
8914,0.0
8915,0.0
8916,0.0
8917,4.0
8918,0.0
8919,9.0
8920,0.0
8921,0.0
8922,13.0
8923,0.0
8924,0.0
8925,10.0
8926,10.0
8927,13.0
8928,11.0
8929,16.0
8930,0.0
8931,4.0
8932,17.0
8933,5.0
8934,12.0
8935,0.0
8936,16.0
8937,0.0
8938,0.0
8939,0.0
8940,0.0
8941,5.0
8942,0.0
8943,18.0
8944,13.0
8945,15.0
8946,0.0
8947,0.0
8948,10.0
8949,4.0
8950,13.0
8951,0.0
8952,0.0
8953,0.0
8954,17.0
8955,0.0
8956,6.0
8957,17.0
8958,0.0
8959,0.0
8960,0.0
8961,0.0
8962,0.0
8963,0.0
8964,0.0
8965,4.0
8966,6.0
8967,15.0
8968,7.0
8969,15.0
8970,0.0
8971,0.0
8972,17.0
8973,0.0
8974,9.0
8975,0.0
8976,4.0
8977,0.0
8978,15.0
8979,0.0
8980,17.0
8981,0.0
8982,0.0
8983,16.0
8984,4.0
8985,2.0
8986,0.0
8987,0.0
8988,0.0
8989,0.0
8990,0.0
8991,3.0
8992,0.0
8993,0.0
8994,0.0
8995,0.0
8996,0.0
8997,0.0
8998,0.0
8999,18.0
9000,12.0
9001,11.0
9002,13.0
9003,12.0
9004,16.0
9005,0.0
9006,3.0
9007,0.0
9008,0.0
9009,7.0
9010,0.0
9011,2.0
9012,7.0
9013,5.0
9014,0.0
9015,0.0
9016,12.0
9017,3.0
9018,0.0
9019,0.0
9020,6.0
9021,0.0
9022,5.0
9023,4.0
9024,9.0
9025,3.0
9026,17.0
9027,0.0
9028,0.0
9029,11.0
9030,2.0
9031,0.0
9032,0.0
9033,0.0
9034,3.0
9035,0.0
9036,0.0
9037,0.0
9038,0.0
9039,3.0
9040,13.0
9041,0.0
9042,4.0
9043,0.0
9044,12.0
9045,10.0
9046,5.0
9047,0.0
9048,0.0
9049,0.0
9050,1.0
9051,12.0
9052,14.0
9053,16.0
9054,17.0
9055,5.0
9056,2.0
9057,17.0
9058,0.0
9059,0.0
9060,11.0
9061,11.0
9062,7.0
9063,16.0
9064,0.0
9065,0.0
9066,0.0
9067,0.0
9068,11.0
9069,16.0
9070,3.0
9071,12.0
9072,0.0
9073,0.0
9074,4.0
9075,0.0
9076,0.0
9077,3.0
9078,0.0
9079,0.0
9080,0.0
9081,0.0
9082,7.0
9083,0.0
9084,2.0
9085,3.0
9086,0.0
9087,0.0
9088,5.0
9089,6.0
9090,0.0
9091,0.0
9092,11.0
9093,0.0
9094,0.0
9095,5.0
9096,0.0
9097,12.0
9098,0.0
9099,2.0
9100,10.0
9101,0.0
9102,0.0
9103,0.0
9104,0.0
9105,11.0
9106,4.0
9107,18.0
9108,12.0
9109,15.0
9110,4.0
9111,0.0
9112,0.0
9113,0.0
9114,13.0
9115,16.0
9116,18.0
9117,0.0
9118,0.0
9119,11.0
9120,11.0
9121,0.0
9122,0.0
9123,4.0
9124,11.0
9125,6.0
9126,0.0
9127,2.0
9128,12.0
9129,0.0
9130,16.0
9131,0.0
9132,18.0
9133,2.0
9134,16.0
9135,0.0
9136,2.0
9137,0.0
9138,17.0
9139,0.0
9140,14.0
9141,13.0
9142,1.0
9143,8.0
9144,4.0
9145,3.0
9146,16.0
9147,0.0
9148,0.0
9149,0.0
9150,11.0
9151,17.0
9152,4.0
9153,17.0
9154,6.0
9155,0.0
9156,0.0
9157,0.0
9158,3.0
9159,0.0
9160,6.0
9161,0.0
9162,0.0
9163,8.0
9164,0.0
9165,9.0
9166,3.0
9167,9.0
9168,13.0
9169,0.0
9170,9.0
9171,18.0
9172,2.0
9173,0.0
9174,13.0
9175,2.0
9176,0.0
9177,0.0
9178,0.0
9179,14.0
9180,7.0
9181,0.0
9182,0.0
9183,0.0
9184,9.0
9185,9.0
9186,13.0
9187,0.0
9188,2.0
9189,8.0
9190,18.0
9191,1.0
9192,0.0
9193,0.0
9194,11.0
9195,0.0
9196,0.0
9197,0.0
9198,8.0
9199,7.0
9200,1.0
9201,7.0
9202,6.0
9203,2.0
9204,2.0
9205,8.0
9206,0.0
9207,0.0
9208,0.0
9209,1.0
9210,0.0
9211,0.0
9212,2.0
9213,4.0
9214,18.0
9215,13.0
9216,0.0
9217,17.0
9218,0.0
9219,0.0
9220,12.0
9221,4.0
9222,16.0
9223,9.0
9224,0.0
9225,13.0
9226,5.0
9227,6.0
9228,0.0
9229,14.0
9230,0.0
9231,7.0
9232,5.0
9233,14.0
9234,15.0
9235,7.0
9236,0.0
9237,0.0
9238,0.0
9239,16.0
9240,10.0
9241,14.0
9242,0.0
9243,11.0
9244,0.0
9245,17.0
9246,0.0
9247,0.0
9248,6.0
9249,15.0
9250,0.0
9251,0.0
9252,13.0
9253,0.0
9254,15.0
9255,11.0
9256,18.0
9257,0.0
9258,2.0
9259,0.0
9260,7.0
9261,0.0
9262,18.0
9263,0.0
9264,3.0
9265,0.0
9266,12.0
9267,6.0
9268,2.0
9269,5.0
9270,0.0
9271,0.0
9272,6.0
9273,0.0
9274,18.0
9275,14.0
9276,3.0
9277,16.0
9278,0.0
9279,4.0
9280,9.0
9281,0.0
9282,0.0
9283,0.0
9284,3.0
9285,0.0
9286,12.0
9287,0.0
9288,12.0
9289,13.0
9290,8.0
9291,0.0
9292,9.0
9293,10.0
9294,11.0
9295,17.0
9296,0.0
9297,0.0
9298,7.0
9299,0.0
9300,9.0
9301,0.0
9302,8.0
9303,0.0
9304,16.0
9305,12.0
9306,12.0
9307,0.0
9308,0.0
9309,14.0
9310,18.0
9311,4.0
9312,6.0
9313,0.0
9314,0.0
9315,3.0
9316,2.0
9317,1.0
9318,16.0
9319,4.0
9320,13.0
9321,2.0
9322,0.0
9323,1.0
9324,5.0
9325,17.0
9326,0.0
9327,0.0
9328,0.0
9329,0.0
9330,0.0
9331,3.0
9332,3.0
9333,8.0
9334,0.0
9335,0.0
9336,17.0
9337,0.0
9338,0.0
9339,0.0
9340,0.0
9341,0.0
9342,18.0
9343,5.0
9344,0.0
9345,17.0
9346,14.0
9347,5.0
9348,7.0
9349,2.0
9350,0.0
9351,8.0
9352,15.0
9353,5.0
9354,0.0
9355,9.0
9356,6.0
9357,0.0
9358,0.0
9359,0.0
9360,0.0
9361,0.0
9362,17.0
9363,10.0
9364,13.0
9365,0.0
9366,15.0
9367,16.0
9368,15.0
9369,0.0
9370,0.0
9371,0.0
9372,0.0
9373,5.0
9374,0.0
9375,6.0
9376,0.0
9377,0.0
9378,15.0
9379,18.0
9380,12.0
9381,9.0
9382,12.0
9383,8.0
9384,14.0
9385,8.0
9386,0.0
9387,10.0
9388,0.0
9389,2.0
9390,0.0
9391,7.0
9392,0.0
9393,15.0
9394,4.0
9395,0.0
9396,6.0
9397,13.0
9398,8.0
9399,17.0
9400,1.0
9401,0.0
9402,0.0
9403,0.0
9404,0.0
9405,15.0
9406,9.0
9407,10.0
9408,0.0
9409,5.0
9410,16.0
9411,0.0
9412,12.0
9413,0.0
9414,12.0
9415,15.0
9416,3.0
9417,0.0
9418,0.0
9419,0.0
9420,0.0
9421,0.0
9422,0.0
9423,0.0
9424,9.0
9425,10.0
9426,0.0
9427,2.0
9428,10.0
9429,6.0
9430,0.0
9431,2.0
9432,5.0
9433,5.0
9434,9.0
9435,9.0
9436,0.0
9437,13.0
9438,0.0
9439,7.0
9440,0.0
9441,0.0
9442,0.0
9443,5.0
9444,16.0
9445,0.0
9446,2.0
9447,0.0
9448,4.0
9449,0.0
9450,0.0
9451,3.0
9452,9.0
9453,0.0
9454,9.0
9455,2.0
9456,0.0
9457,0.0
9458,1.0
9459,1.0
9460,0.0
9461,8.0
9462,0.0
9463,6.0
9464,12.0
9465,0.0
9466,0.0
9467,4.0
9468,8.0
9469,11.0
9470,0.0
9471,0.0
9472,13.0
9473,0.0
9474,4.0
9475,0.0
9476,0.0
9477,8.0
9478,0.0
9479,0.0
9480,0.0
9481,1.0
9482,0.0
9483,3.0
9484,0.0
9485,2.0
9486,18.0
9487,0.0
9488,4.0
9489,14.0
9490,3.0
9491,0.0
9492,15.0
9493,15.0
9494,0.0
9495,13.0
9496,11.0
9497,13.0
9498,0.0
9499,0.0
9500,17.0
9501,9.0
9502,0.0
9503,0.0
9504,0.0
9505,8.0
9506,0.0
9507,0.0
9508,0.0
9509,3.0
9510,0.0
9511,0.0
9512,4.0
9513,5.0
9514,8.0
9515,0.0
9516,0.0
9517,0.0
9518,5.0
9519,0.0
9520,3.0
9521,0.0
9522,3.0
9523,0.0
9524,6.0
9525,0.0
9526,0.0
9527,9.0
9528,0.0
9529,5.0
9530,0.0
9531,11.0
9532,14.0
9533,0.0
9534,10.0
9535,4.0
9536,0.0
9537,3.0
9538,3.0
9539,11.0
9540,0.0
9541,0.0
9542,0.0
9543,0.0
9544,0.0
9545,5.0
9546,15.0
9547,0.0
9548,12.0
9549,0.0
9550,4.0
9551,2.0
9552,0.0
9553,0.0
9554,0.0
9555,5.0
9556,12.0
9557,0.0
9558,11.0
9559,3.0
9560,0.0
9561,0.0
9562,10.0
9563,5.0
9564,0.0
9565,0.0
9566,6.0
9567,0.0
9568,15.0
9569,0.0
9570,0.0
9571,17.0
9572,0.0
9573,0.0
9574,0.0
9575,5.0
9576,0.0
9577,14.0
9578,0.0
9579,0.0
9580,15.0
9581,5.0
9582,0.0
9583,16.0
9584,0.0
9585,14.0
9586,0.0
9587,0.0
9588,2.0
9589,1.0
9590,11.0
9591,7.0
9592,5.0
9593,7.0
9594,0.0
9595,17.0
9596,0.0
9597,0.0
9598,0.0
9599,0.0
9600,6.0
9601,5.0
9602,0.0
9603,6.0
9604,0.0
9605,13.0
9606,0.0
9607,0.0
9608,0.0
9609,8.0
9610,10.0
9611,0.0
9612,18.0
9613,17.0
9614,6.0
9615,2.0
9616,0.0
9617,8.0
9618,0.0
9619,6.0
9620,4.0
9621,17.0
9622,0.0
9623,14.0
9624,0.0
9625,4.0
9626,0.0
9627,0.0
9628,0.0
9629,13.0
9630,0.0
9631,0.0
9632,0.0
9633,7.0
9634,0.0
9635,0.0
9636,3.0
9637,17.0
9638,0.0
9639,9.0
9640,7.0
9641,0.0
9642,0.0
9643,7.0
9644,0.0
9645,3.0
9646,0.0
9647,8.0
9648,17.0
9649,0.0
9650,15.0
9651,0.0
9652,0.0
9653,16.0
9654,13.0
9655,17.0
9656,17.0
9657,11.0
9658,0.0
9659,8.0
9660,0.0
9661,0.0
9662,12.0
9663,3.0
9664,0.0
9665,2.0
9666,16.0
9667,0.0
9668,0.0
9669,0.0
9670,0.0
9671,0.0
9672,0.0
9673,0.0
9674,3.0
9675,0.0
9676,0.0
9677,16.0
9678,0.0
9679,3.0
9680,14.0
9681,15.0
9682,6.0
9683,17.0
9684,0.0
9685,0.0
9686,13.0
9687,1.0
9688,0.0
9689,14.0
9690,0.0
9691,0.0
9692,0.0
9693,0.0
9694,0.0
9695,0.0
9696,6.0
9697,18.0
9698,0.0
9699,0.0
9700,1.0
9701,4.0
9702,0.0
9703,10.0
9704,6.0
9705,0.0
9706,0.0
9707,3.0
9708,17.0
9709,17.0
9710,0.0
9711,0.0
9712,1.0
9713,0.0
9714,17.0
9715,0.0
9716,10.0
9717,0.0
9718,0.0
9719,14.0
9720,13.0
9721,4.0
9722,0.0
9723,0.0
9724,0.0
9725,0.0
9726,0.0
9727,9.0
9728,18.0
9729,5.0
9730,4.0
9731,8.0
9732,11.0
9733,0.0
9734,0.0
9735,0.0
9736,8.0
9737,15.0
9738,14.0
9739,0.0
9740,0.0
9741,0.0
9742,9.0
9743,5.0
9744,15.0
9745,0.0
9746,12.0
9747,17.0
9748,5.0
9749,0.0
9750,8.0
9751,13.0
9752,10.0
9753,0.0
9754,13.0
9755,0.0
9756,0.0
9757,0.0
9758,0.0
9759,9.0
9760,0.0
9761,9.0
9762,5.0
9763,17.0
9764,0.0
9765,1.0
9766,0.0
9767,5.0
9768,8.0
9769,17.0
9770,7.0
9771,0.0
9772,11.0
9773,8.0
9774,0.0
9775,6.0
9776,14.0
9777,4.0
9778,0.0
9779,9.0
9780,0.0
9781,13.0
9782,0.0
9783,4.0
9784,13.0
9785,15.0
9786,1.0
9787,0.0
9788,4.0
9789,10.0
9790,12.0
9791,0.0
9792,17.0
9793,4.0
9794,0.0
9795,9.0
9796,7.0
9797,11.0
9798,4.0
9799,12.0
9800,16.0
9801,0.0
9802,12.0
9803,11.0
9804,0.0
9805,5.0
9806,11.0
9807,10.0
9808,6.0
9809,6.0
9810,12.0
9811,0.0
9812,16.0
9813,10.0
9814,3.0
9815,6.0
9816,9.0
9817,0.0
9818,3.0
9819,0.0
9820,0.0
9821,0.0
9822,15.0
9823,17.0
9824,12.0
9825,0.0
9826,12.0
9827,0.0
9828,0.0
9829,8.0
9830,13.0
9831,0.0
9832,16.0
9833,0.0
9834,5.0
9835,18.0
9836,0.0
9837,9.0
9838,14.0
9839,0.0
9840,8.0
9841,4.0
9842,0.0
9843,0.0
9844,0.0
9845,0.0
9846,0.0
9847,12.0
9848,3.0
9849,0.0
9850,18.0
9851,0.0
9852,1.0
9853,6.0
9854,2.0
9855,4.0
9856,1.0
9857,15.0
9858,1.0
9859,0.0
9860,9.0
9861,3.0
9862,2.0
9863,9.0
9864,0.0
9865,0.0
9866,0.0
9867,0.0
9868,5.0
9869,14.0
9870,2.0
9871,0.0
9872,0.0
9873,0.0
9874,10.0
9875,0.0
9876,0.0
9877,9.0
9878,17.0
9879,0.0
9880,1.0
9881,0.0
9882,0.0
9883,2.0
9884,3.0
9885,9.0
9886,0.0
9887,13.0
9888,16.0
9889,0.0
9890,6.0
9891,12.0
9892,0.0
9893,3.0
9894,4.0
9895,0.0
9896,0.0
9897,14.0
9898,0.0
9899,0.0
9900,13.0
9901,2.0
9902,0.0
9903,8.0
9904,6.0
9905,0.0
9906,16.0
9907,0.0
9908,0.0
9909,3.0
9910,0.0
9911,17.0
9912,15.0
9913,10.0
9914,8.0
9915,0.0
9916,0.0
9917,14.0
9918,0.0
9919,4.0
9920,0.0
9921,0.0
9922,0.0
9923,17.0
9924,8.0
9925,18.0
9926,0.0
9927,13.0
9928,6.0
9929,0.0
9930,11.0
9931,9.0
9932,17.0
9933,12.0
9934,0.0
9935,18.0
9936,0.0
9937,17.0
9938,0.0
9939,15.0
9940,6.0
9941,0.0
9942,5.0
9943,11.0
9944,0.0
9945,12.0
9946,7.0
9947,0.0
9948,5.0
9949,0.0
9950,0.0
9951,14.0
9952,0.0
9953,0.0
9954,9.0
9955,0.0
9956,6.0
9957,0.0
9958,12.0
9959,7.0
9960,7.0
9961,17.0
9962,13.0
9963,0.0
9964,7.0
9965,18.0
9966,0.0
9967,10.0
9968,2.0
9969,0.0
9970,0.0
9971,0.0
9972,18.0
9973,3.0
9974,6.0
9975,2.0
9976,1.0
9977,17.0
9978,0.0
9979,5.0
9980,10.0
9981,10.0
9982,0.0
9983,0.0
9984,0.0
9985,14.0
9986,0.0
9987,18.0
9988,0.0
9989,0.0
9990,0.0
9991,0.0
9992,7.0
9993,2.0
9994,8.0
9995,0.0
9996,15.0
9997,13.0
9998,6.0
9999,8.0
10000,0.0
10001,12.0
10002,0.0
10003,13.0
10004,7.0
10005,0.0
10006,13.0
10007,5.0
10008,1.0
10009,5.0
10010,5.0
10011,0.0
10012,17.0
10013,8.0
10014,0.0
10015,0.0
10016,4.0
10017,13.0
10018,16.0
10019,0.0
10020,18.0
10021,0.0
10022,17.0
10023,14.0
10024,5.0
10025,5.0
10026,0.0
10027,7.0
10028,13.0
10029,0.0
10030,17.0
10031,16.0
10032,0.0
10033,7.0
10034,0.0
10035,6.0
10036,0.0
10037,18.0
10038,6.0
10039,0.0
10040,5.0
10041,9.0
10042,14.0
10043,0.0
10044,0.0
10045,14.0
10046,0.0
10047,11.0
10048,0.0
10049,0.0
10050,5.0
10051,0.0
10052,0.0
10053,8.0
10054,5.0
10055,0.0
10056,0.0
10057,4.0
10058,9.0
10059,6.0
10060,2.0
10061,1.0
10062,0.0
10063,15.0
10064,8.0
10065,0.0
10066,0.0
10067,8.0
10068,0.0
10069,6.0
10070,0.0
10071,18.0
10072,4.0
10073,4.0
10074,18.0
10075,15.0
10076,0.0
10077,0.0
10078,0.0
10079,3.0
10080,0.0
10081,0.0
10082,0.0
10083,8.0
10084,1.0
10085,1.0
10086,6.0
10087,0.0
10088,9.0
10089,16.0
10090,14.0
10091,12.0
10092,11.0
10093,3.0
10094,13.0
10095,6.0
10096,0.0
10097,0.0
10098,0.0
10099,3.0
10100,11.0
10101,8.0
10102,16.0
10103,5.0
10104,0.0
10105,1.0
10106,5.0
10107,0.0
10108,0.0
10109,14.0
10110,16.0
10111,0.0
10112,0.0
10113,3.0
10114,14.0
10115,15.0
10116,4.0
10117,0.0
10118,0.0
10119,0.0
10120,0.0
10121,7.0
10122,1.0
10123,0.0
10124,14.0
10125,0.0
10126,0.0
10127,0.0
10128,8.0
10129,13.0
10130,0.0
10131,16.0
10132,2.0
10133,7.0
10134,0.0
10135,0.0
10136,3.0
10137,0.0
10138,0.0
10139,3.0
10140,0.0
10141,0.0
10142,9.0
10143,0.0
10144,16.0
10145,7.0
10146,0.0
10147,0.0
10148,0.0
10149,5.0
10150,8.0
10151,0.0
10152,0.0
10153,0.0
10154,0.0
10155,0.0
10156,0.0
10157,0.0
10158,0.0
10159,7.0
10160,18.0
10161,0.0
10162,4.0
10163,0.0
10164,0.0
10165,0.0
10166,6.0
10167,14.0
10168,18.0
10169,17.0
10170,2.0
10171,5.0
10172,0.0
10173,11.0
10174,14.0
10175,4.0
10176,0.0
10177,5.0
10178,0.0
10179,12.0
10180,9.0
10181,0.0
10182,15.0
10183,12.0
10184,5.0
10185,14.0
10186,0.0
10187,14.0
10188,0.0
10189,0.0
10190,10.0
10191,0.0
10192,0.0
10193,5.0
10194,0.0
10195,0.0
10196,8.0
10197,0.0
10198,3.0
10199,15.0
10200,11.0
10201,4.0
10202,0.0
10203,17.0
10204,0.0
10205,17.0
10206,16.0
10207,0.0
10208,0.0
10209,4.0
10210,15.0
10211,0.0
10212,0.0
10213,0.0
10214,0.0
10215,0.0
10216,2.0
10217,1.0
10218,11.0
10219,0.0
10220,0.0
10221,2.0
10222,11.0
10223,13.0
10224,12.0
10225,12.0
10226,0.0
10227,0.0
10228,7.0
10229,9.0
10230,16.0
10231,1.0
10232,0.0
10233,0.0
10234,10.0
10235,0.0
10236,0.0
10237,11.0
10238,0.0
10239,18.0
10240,10.0
10241,6.0
10242,0.0
10243,11.0
10244,4.0
10245,0.0
10246,0.0
10247,9.0
10248,1.0
10249,12.0
10250,0.0
10251,0.0
10252,0.0
10253,0.0
10254,13.0
10255,0.0
10256,0.0
10257,11.0
10258,9.0
10259,0.0
10260,0.0
10261,10.0
10262,0.0
10263,13.0
10264,0.0
10265,3.0
10266,17.0
10267,18.0
10268,0.0
10269,0.0
10270,2.0
10271,0.0
10272,0.0
10273,18.0
10274,6.0
10275,0.0
10276,11.0
10277,16.0
10278,6.0
10279,0.0
10280,0.0
10281,0.0
10282,0.0
10283,11.0
10284,0.0
10285,3.0
10286,11.0
10287,0.0
10288,12.0
10289,0.0
10290,0.0
10291,5.0
10292,0.0
10293,18.0
10294,0.0
10295,13.0
10296,0.0
10297,0.0
10298,0.0
10299,1.0
10300,0.0
10301,14.0
10302,9.0
10303,0.0
10304,5.0
10305,0.0
10306,4.0
10307,13.0
10308,10.0
10309,18.0
10310,14.0
10311,2.0
10312,18.0
10313,2.0
10314,13.0
10315,3.0
10316,6.0
10317,1.0
10318,13.0
10319,6.0
10320,2.0
10321,0.0
10322,4.0
10323,0.0
10324,0.0
10325,10.0
10326,15.0
10327,0.0
10328,0.0
10329,0.0
10330,0.0
10331,0.0
10332,7.0
10333,0.0
10334,18.0
10335,7.0
10336,0.0
10337,0.0
10338,5.0
10339,11.0
10340,0.0
10341,0.0
10342,0.0
10343,13.0
10344,14.0
10345,16.0
10346,0.0
10347,9.0
10348,1.0
10349,0.0
10350,9.0
10351,0.0
10352,5.0
10353,18.0
10354,0.0
10355,0.0
10356,5.0
10357,7.0
10358,8.0
10359,0.0
10360,6.0
10361,0.0
10362,0.0
10363,0.0
10364,4.0
10365,0.0
10366,0.0
10367,18.0
10368,0.0
10369,11.0
10370,18.0
10371,0.0
10372,0.0
10373,14.0
10374,1.0
10375,5.0
10376,6.0
10377,17.0
10378,0.0
10379,11.0
10380,4.0
10381,0.0
10382,0.0
10383,0.0
10384,12.0
10385,0.0
10386,0.0
10387,0.0
10388,0.0
10389,11.0
10390,0.0
10391,12.0
10392,0.0
10393,0.0
10394,17.0
10395,0.0
10396,0.0
10397,16.0
10398,5.0
10399,1.0
10400,0.0
10401,8.0
10402,15.0
10403,16.0
10404,0.0
10405,0.0
10406,0.0
10407,0.0
10408,7.0
10409,0.0
10410,0.0
10411,4.0
10412,0.0
10413,9.0
10414,7.0
10415,9.0
10416,0.0
10417,0.0
10418,0.0
10419,17.0
10420,0.0
10421,1.0
10422,2.0
10423,0.0
10424,0.0
10425,8.0
10426,2.0
10427,11.0
10428,0.0
10429,10.0
10430,0.0
10431,0.0
10432,0.0
10433,8.0
10434,2.0
10435,0.0
10436,0.0
10437,0.0
10438,11.0
10439,6.0
10440,0.0
10441,12.0
10442,0.0
10443,16.0
10444,1.0
10445,0.0
10446,18.0
10447,11.0
10448,18.0
10449,5.0
10450,0.0
10451,0.0
10452,0.0
10453,0.0
10454,0.0
10455,14.0
10456,16.0
10457,0.0
10458,0.0
10459,8.0
10460,1.0
10461,0.0
10462,0.0
10463,0.0
10464,15.0
10465,7.0
10466,0.0
10467,8.0
10468,12.0
10469,0.0
10470,0.0
10471,6.0
10472,0.0
10473,0.0
10474,0.0
10475,0.0
10476,0.0
10477,15.0
10478,3.0
10479,0.0
10480,8.0
10481,2.0
10482,0.0
10483,4.0
10484,0.0
10485,0.0
10486,11.0
10487,0.0
10488,11.0
10489,3.0
10490,8.0
10491,0.0
10492,0.0
10493,2.0
10494,0.0
10495,15.0
10496,3.0
10497,0.0
10498,0.0
10499,0.0
10500,12.0
10501,8.0
10502,0.0
10503,0.0
10504,14.0
10505,1.0
10506,7.0
10507,0.0
10508,12.0
10509,11.0
10510,10.0
10511,0.0
10512,18.0
10513,3.0
10514,3.0
10515,1.0
10516,6.0
10517,0.0
10518,0.0
10519,5.0
10520,0.0
10521,0.0
10522,2.0
10523,4.0
10524,0.0
10525,0.0
10526,0.0
10527,0.0
10528,0.0
10529,16.0
10530,0.0
10531,0.0
10532,0.0
10533,0.0
10534,0.0
10535,17.0
10536,5.0
10537,7.0
10538,14.0
10539,0.0
10540,0.0
10541,10.0
10542,0.0
10543,14.0
10544,8.0
10545,0.0
10546,3.0
10547,14.0
10548,0.0
10549,4.0
10550,0.0
10551,3.0
10552,7.0
10553,0.0
10554,18.0
10555,8.0
10556,11.0
10557,6.0
10558,2.0
10559,3.0
10560,16.0
10561,0.0
10562,7.0
10563,0.0
10564,0.0
10565,0.0
10566,14.0
10567,3.0
10568,1.0
10569,0.0
10570,17.0
10571,11.0
10572,7.0
10573,0.0
10574,15.0
10575,15.0
10576,8.0
10577,16.0
10578,5.0
10579,17.0
10580,0.0
10581,0.0
10582,0.0
10583,5.0
10584,0.0
10585,12.0
10586,0.0
10587,0.0
10588,4.0
10589,0.0
10590,0.0
10591,16.0
10592,0.0
10593,0.0
10594,15.0
10595,16.0
10596,11.0
10597,0.0
10598,18.0
10599,5.0
10600,0.0
10601,0.0
10602,0.0
10603,0.0
10604,0.0
10605,0.0
10606,0.0
10607,3.0
10608,5.0
10609,0.0
10610,13.0
10611,5.0
10612,0.0
10613,13.0
10614,7.0
10615,8.0
10616,15.0
10617,14.0
10618,0.0
10619,7.0
10620,1.0
10621,11.0
10622,13.0
10623,10.0
10624,17.0
10625,4.0
10626,14.0
10627,0.0
10628,14.0
10629,8.0
10630,0.0
10631,7.0
10632,0.0
10633,8.0
10634,0.0
10635,0.0
10636,15.0
10637,1.0
10638,0.0
10639,8.0
10640,0.0
10641,3.0
10642,0.0
10643,0.0
10644,18.0
10645,0.0
10646,15.0
10647,13.0
10648,1.0
10649,6.0
10650,5.0
10651,0.0
10652,12.0
10653,0.0
10654,0.0
10655,0.0
10656,0.0
10657,17.0
10658,12.0
10659,0.0
10660,0.0
10661,0.0
10662,1.0
10663,1.0
10664,14.0
10665,0.0
10666,10.0
10667,17.0
10668,1.0
10669,0.0
10670,0.0
10671,14.0
10672,1.0
10673,0.0
10674,0.0
10675,0.0
10676,8.0
10677,0.0
10678,5.0
10679,16.0
10680,14.0
10681,6.0
10682,8.0
10683,0.0
10684,17.0
10685,0.0
10686,7.0
10687,0.0
10688,0.0
10689,18.0
10690,0.0
10691,10.0
10692,0.0
10693,0.0
10694,1.0
10695,0.0
10696,9.0
10697,0.0
10698,1.0
10699,0.0
10700,0.0
10701,0.0
10702,2.0
10703,7.0
10704,6.0
10705,2.0
10706,2.0
10707,16.0
10708,14.0
10709,9.0
10710,4.0
10711,0.0
10712,0.0
10713,18.0
10714,0.0
10715,0.0
10716,3.0
10717,18.0
10718,0.0
10719,13.0
10720,10.0
10721,12.0
10722,5.0
10723,8.0
10724,0.0
10725,3.0
10726,6.0
10727,17.0
10728,0.0
10729,6.0
10730,0.0
10731,0.0
10732,0.0
10733,0.0
10734,0.0
10735,0.0
10736,12.0
10737,1.0
10738,1.0
10739,12.0
10740,16.0
10741,10.0
10742,12.0
10743,0.0
10744,1.0
10745,0.0
10746,5.0
10747,3.0
10748,5.0
10749,0.0
10750,0.0
10751,0.0
10752,0.0
10753,17.0
10754,0.0
10755,2.0
10756,0.0
10757,2.0
10758,11.0
10759,12.0
10760,0.0
10761,6.0
10762,4.0
10763,0.0
10764,11.0
10765,0.0
10766,10.0
10767,0.0
10768,0.0
10769,0.0
10770,6.0
10771,13.0
10772,1.0
10773,5.0
10774,6.0
10775,0.0
10776,0.0
10777,0.0
10778,0.0
10779,18.0
10780,11.0
10781,13.0
10782,16.0
10783,7.0
10784,0.0
10785,0.0
10786,2.0
10787,11.0
10788,0.0
10789,0.0
10790,5.0
10791,12.0
10792,0.0
10793,0.0
10794,0.0
10795,0.0
10796,0.0
10797,0.0
10798,0.0
10799,0.0
10800,7.0
10801,14.0
10802,2.0
10803,4.0
10804,13.0
10805,11.0
10806,9.0
10807,11.0
10808,5.0
10809,11.0
10810,0.0
10811,13.0
10812,0.0
10813,4.0
10814,0.0
10815,0.0
10816,14.0
10817,3.0
10818,0.0
10819,0.0
10820,4.0
10821,0.0
10822,6.0
10823,10.0
10824,18.0
10825,17.0
10826,13.0
10827,16.0
10828,0.0
10829,0.0
10830,0.0
10831,17.0
10832,0.0
10833,1.0
10834,0.0
10835,0.0
10836,0.0
10837,18.0
10838,0.0
10839,0.0
10840,2.0
10841,17.0
10842,0.0
10843,8.0
10844,5.0
10845,15.0
10846,0.0
10847,16.0
10848,14.0
10849,14.0
10850,3.0
10851,0.0
10852,12.0
10853,18.0
10854,11.0
10855,0.0
10856,5.0
10857,11.0
10858,16.0
10859,1.0
10860,6.0
10861,0.0
10862,6.0
10863,0.0
10864,8.0
10865,9.0
10866,7.0
10867,0.0
10868,0.0
10869,9.0
10870,14.0
10871,18.0
10872,0.0
10873,2.0
10874,0.0
10875,13.0
10876,0.0
10877,0.0
10878,10.0
10879,0.0
10880,0.0
10881,1.0
10882,0.0
10883,0.0
10884,2.0
10885,0.0
10886,0.0
10887,2.0
10888,11.0
10889,3.0
10890,2.0
10891,17.0
10892,0.0
10893,5.0
10894,11.0
10895,9.0
10896,0.0
10897,17.0
10898,0.0
10899,17.0
10900,0.0
10901,0.0
10902,8.0
10903,8.0
10904,2.0
10905,0.0
10906,9.0
10907,5.0
10908,7.0
10909,0.0
10910,11.0
10911,0.0
10912,12.0
10913,0.0
10914,11.0
10915,0.0
10916,0.0
10917,9.0
10918,2.0
10919,9.0
10920,1.0
10921,0.0
10922,5.0
10923,18.0
10924,0.0
10925,4.0
10926,0.0
10927,9.0
10928,18.0
10929,16.0
10930,2.0
10931,0.0
10932,6.0
10933,14.0
10934,12.0
10935,14.0
10936,3.0
10937,0.0
10938,0.0
10939,0.0
10940,14.0
10941,1.0
10942,0.0
10943,0.0
10944,0.0
10945,11.0
10946,5.0
10947,5.0
10948,4.0
10949,0.0
10950,0.0
10951,10.0
10952,0.0
10953,14.0
10954,14.0
10955,6.0
10956,0.0
10957,8.0
10958,0.0
10959,16.0
10960,13.0
10961,15.0
10962,8.0
10963,10.0
10964,14.0
10965,0.0
10966,0.0
10967,0.0
10968,0.0
10969,6.0
10970,5.0
10971,7.0
10972,5.0
10973,17.0
10974,7.0
10975,2.0
10976,4.0
10977,18.0
10978,6.0
10979,17.0
10980,9.0
10981,0.0
10982,10.0
10983,17.0
10984,4.0
10985,0.0
10986,13.0
10987,8.0
10988,9.0
10989,0.0
10990,0.0
10991,0.0
10992,0.0
10993,17.0
10994,0.0
10995,16.0
10996,0.0
10997,0.0
10998,14.0
10999,0.0
11000,2.0
11001,0.0
11002,11.0
11003,0.0
11004,0.0
11005,6.0
11006,0.0
11007,0.0
11008,10.0
11009,0.0
11010,0.0
11011,12.0
11012,0.0
11013,5.0
11014,14.0
11015,18.0
11016,5.0
11017,9.0
11018,6.0
11019,0.0
11020,1.0
11021,2.0
11022,0.0
11023,14.0
11024,0.0
11025,15.0
11026,14.0
11027,4.0
11028,15.0
11029,0.0
11030,8.0
11031,0.0
11032,0.0
11033,0.0
11034,0.0
11035,11.0
11036,0.0
11037,14.0
11038,15.0
11039,2.0
11040,12.0
11041,4.0
11042,13.0
11043,0.0
11044,0.0
11045,10.0
11046,0.0
11047,3.0
11048,0.0
11049,0.0
11050,0.0
11051,2.0
11052,0.0
11053,14.0
11054,10.0
11055,15.0
11056,0.0
11057,0.0
11058,0.0
11059,0.0
11060,17.0
11061,0.0
11062,0.0
11063,0.0
11064,15.0
11065,0.0
11066,16.0
11067,0.0
11068,18.0
11069,12.0
11070,0.0
11071,16.0
11072,0.0
11073,0.0
11074,0.0
11075,14.0
11076,3.0
11077,0.0
11078,6.0
11079,9.0
11080,0.0
11081,18.0
11082,0.0
11083,12.0
11084,0.0
11085,0.0
11086,12.0
11087,0.0
11088,14.0
11089,15.0
11090,4.0
11091,4.0
11092,7.0
11093,1.0
11094,5.0
11095,0.0
11096,0.0
11097,0.0
11098,10.0
11099,0.0
11100,8.0
11101,16.0
11102,10.0
11103,0.0
11104,15.0
11105,0.0
11106,0.0
11107,5.0
11108,0.0
11109,0.0
11110,0.0
11111,6.0
11112,6.0
11113,0.0
11114,18.0
11115,1.0
11116,0.0
11117,0.0
11118,5.0
11119,0.0
11120,9.0
11121,17.0
11122,4.0
11123,0.0
11124,6.0
11125,0.0
11126,8.0
11127,0.0
11128,15.0
11129,9.0
11130,0.0
11131,0.0
11132,0.0
11133,17.0
11134,6.0
11135,16.0
11136,10.0
11137,0.0
11138,14.0
11139,16.0
11140,3.0
11141,1.0
11142,0.0
11143,0.0
11144,3.0
11145,5.0
11146,0.0
11147,3.0
11148,0.0
11149,4.0
11150,5.0
11151,6.0
11152,2.0
11153,0.0
11154,0.0
11155,10.0
11156,0.0
11157,17.0
11158,3.0
11159,0.0
11160,18.0
11161,0.0
11162,17.0
11163,0.0
11164,18.0
11165,0.0
11166,0.0
11167,0.0
11168,15.0
11169,3.0
11170,9.0
11171,5.0
11172,0.0
11173,0.0
11174,2.0
11175,9.0
11176,0.0
11177,6.0
11178,0.0
11179,14.0
11180,0.0
11181,2.0
11182,14.0
11183,3.0
11184,0.0
11185,18.0
11186,0.0
11187,0.0
11188,11.0
11189,6.0
11190,5.0
11191,0.0
11192,0.0
11193,4.0
11194,0.0
11195,14.0
11196,0.0
11197,1.0
11198,0.0
11199,0.0
11200,0.0
11201,0.0
11202,0.0
11203,0.0
11204,6.0
11205,12.0
11206,0.0
11207,0.0
11208,11.0
11209,11.0
11210,0.0
11211,10.0
11212,17.0
11213,7.0
11214,16.0
11215,0.0
11216,0.0
11217,13.0
11218,2.0
11219,18.0
11220,15.0
11221,13.0
11222,0.0
11223,6.0
11224,0.0
11225,0.0
11226,0.0
11227,10.0
11228,10.0
11229,11.0
11230,9.0
11231,17.0
11232,7.0
11233,0.0
11234,0.0
11235,0.0
11236,0.0
11237,0.0
11238,7.0
11239,9.0
11240,0.0
11241,7.0
11242,4.0
11243,2.0
11244,17.0
11245,15.0
11246,8.0
11247,6.0
11248,16.0
11249,0.0
11250,4.0
11251,12.0
11252,4.0
11253,0.0
11254,0.0
11255,9.0
11256,0.0
11257,1.0
11258,13.0
11259,0.0
11260,0.0
11261,0.0
11262,12.0
11263,0.0
11264,0.0
11265,2.0
11266,13.0
11267,9.0
11268,0.0
11269,9.0
11270,5.0
11271,11.0
11272,0.0
11273,6.0
11274,0.0
11275,11.0
11276,13.0
11277,18.0
11278,5.0
11279,0.0
11280,14.0
11281,11.0
11282,0.0
11283,10.0
11284,18.0
11285,14.0
11286,17.0
11287,11.0
11288,0.0
11289,3.0
11290,0.0
11291,12.0
11292,18.0
11293,0.0
11294,15.0
11295,0.0
11296,0.0
11297,0.0
11298,13.0
11299,13.0
11300,12.0
11301,0.0
11302,0.0
11303,0.0
11304,0.0
11305,0.0
11306,0.0
11307,0.0
11308,0.0
11309,0.0
11310,0.0
11311,0.0
11312,0.0
11313,10.0
11314,13.0
11315,3.0
11316,12.0
11317,0.0
11318,0.0
11319,7.0
11320,0.0
11321,9.0
11322,6.0
11323,5.0
11324,6.0
11325,14.0
11326,8.0
11327,0.0
11328,15.0
11329,5.0
11330,6.0
11331,16.0
11332,0.0
11333,4.0
11334,0.0
11335,5.0
11336,8.0
11337,9.0
11338,0.0
11339,0.0
11340,6.0
11341,0.0
11342,0.0
11343,0.0
11344,0.0
11345,5.0
11346,14.0
11347,9.0
11348,0.0
11349,0.0
11350,0.0
11351,3.0
11352,7.0
11353,0.0
11354,13.0
11355,0.0
11356,5.0
11357,12.0
11358,0.0
11359,12.0
11360,13.0
11361,18.0
11362,2.0
11363,4.0
11364,9.0
11365,0.0
11366,11.0
11367,0.0
11368,12.0
11369,0.0
11370,0.0
11371,0.0
11372,9.0
11373,16.0
11374,1.0
11375,0.0
11376,9.0
11377,0.0
11378,0.0
11379,15.0
11380,6.0
11381,0.0
11382,17.0
11383,0.0
11384,5.0
11385,0.0
11386,0.0
11387,2.0
11388,0.0
11389,4.0
11390,14.0
11391,0.0
11392,12.0
11393,14.0
11394,0.0
11395,6.0
11396,0.0
11397,0.0
11398,0.0
11399,0.0
11400,8.0
11401,5.0
11402,18.0
11403,0.0
11404,0.0
11405,0.0
11406,18.0
11407,0.0
11408,11.0
11409,0.0
11410,0.0
11411,2.0
11412,8.0
11413,14.0
11414,0.0
11415,11.0
11416,0.0
11417,2.0
11418,0.0
11419,0.0
11420,13.0
11421,0.0
11422,0.0
11423,4.0
11424,0.0
11425,8.0
11426,17.0
11427,15.0
11428,5.0
11429,17.0
11430,0.0
11431,0.0
11432,14.0
11433,0.0
11434,0.0
11435,5.0
11436,0.0
11437,0.0
11438,4.0
11439,0.0
11440,0.0
11441,0.0
11442,13.0
11443,0.0
11444,0.0
11445,9.0
11446,3.0
11447,12.0
11448,13.0
11449,0.0
11450,0.0
11451,0.0
11452,5.0
11453,9.0
11454,4.0
11455,0.0
11456,18.0
11457,0.0
11458,0.0
11459,0.0
11460,13.0
11461,8.0
11462,14.0
11463,7.0
11464,13.0
11465,3.0
11466,0.0
11467,16.0
11468,0.0
11469,0.0
11470,0.0
11471,0.0
11472,12.0
11473,11.0
11474,13.0
11475,0.0
11476,0.0
11477,15.0
11478,7.0
11479,0.0
11480,13.0
11481,0.0
11482,0.0
11483,0.0
11484,4.0
11485,5.0
11486,14.0
11487,0.0
11488,9.0
11489,0.0
11490,15.0
11491,7.0
11492,0.0
11493,9.0
11494,0.0
11495,13.0
11496,15.0
11497,0.0
11498,0.0
11499,0.0
11500,5.0
11501,7.0
11502,0.0
11503,0.0
11504,0.0
11505,13.0
11506,6.0
11507,11.0
11508,5.0
11509,0.0
11510,0.0
11511,13.0
11512,13.0
11513,18.0
11514,12.0
11515,0.0
11516,0.0
11517,4.0
11518,0.0
11519,3.0
11520,0.0
11521,0.0
11522,0.0
11523,0.0
11524,9.0
11525,0.0
11526,7.0
11527,13.0
11528,0.0
11529,0.0
11530,8.0
11531,0.0
11532,10.0
11533,0.0
11534,0.0
11535,11.0
11536,5.0
11537,1.0
11538,1.0
11539,0.0
11540,0.0
11541,8.0
11542,17.0
11543,0.0
11544,15.0
11545,0.0
11546,6.0
11547,3.0
11548,0.0
11549,13.0
11550,0.0
11551,14.0
11552,9.0
11553,14.0
11554,14.0
11555,0.0
11556,0.0
11557,0.0
11558,9.0
11559,11.0
11560,4.0
11561,11.0
11562,0.0
11563,12.0
11564,9.0
11565,6.0
11566,1.0
11567,0.0
11568,4.0
11569,17.0
11570,13.0
11571,0.0
11572,4.0
11573,0.0
11574,0.0
11575,0.0
11576,0.0
11577,5.0
11578,0.0
11579,0.0
11580,16.0
11581,0.0
11582,1.0
11583,11.0
11584,13.0
11585,0.0
11586,5.0
11587,6.0
11588,12.0
11589,14.0
11590,2.0
11591,0.0
11592,8.0
11593,5.0
11594,0.0
11595,4.0
11596,0.0
11597,0.0
11598,0.0
11599,6.0
11600,11.0
11601,11.0
11602,6.0
11603,3.0
11604,0.0
11605,0.0
11606,12.0
11607,0.0
11608,5.0
11609,0.0
11610,5.0
11611,14.0
11612,0.0
11613,14.0
11614,16.0
11615,10.0
11616,0.0
11617,0.0
11618,13.0
11619,15.0
11620,9.0
11621,9.0
11622,12.0
11623,8.0
11624,10.0
11625,0.0
11626,0.0
11627,14.0
11628,12.0
11629,6.0
11630,14.0
11631,0.0
11632,14.0
11633,16.0
11634,17.0
11635,2.0
11636,9.0
11637,13.0
11638,3.0
11639,13.0
11640,0.0
11641,3.0
11642,0.0
11643,0.0
11644,12.0
11645,1.0
11646,10.0
11647,0.0
11648,7.0
11649,9.0
11650,2.0
11651,12.0
11652,15.0
11653,0.0
11654,4.0
11655,12.0
11656,18.0
11657,0.0
11658,0.0
11659,3.0
11660,0.0
11661,1.0
11662,0.0
11663,0.0
11664,8.0
11665,1.0
11666,10.0
11667,2.0
11668,9.0
11669,11.0
11670,14.0
11671,0.0
11672,8.0
11673,0.0
11674,2.0
11675,0.0
11676,14.0
11677,5.0
11678,13.0
11679,12.0
11680,0.0
11681,0.0
11682,0.0
11683,0.0
11684,3.0
11685,0.0
11686,0.0
11687,12.0
11688,7.0
11689,0.0
11690,0.0
11691,15.0
11692,3.0
11693,4.0
11694,0.0
11695,7.0
11696,1.0
11697,4.0
11698,0.0
11699,9.0
11700,0.0
11701,16.0
11702,5.0
11703,0.0
11704,0.0
11705,0.0
11706,0.0
11707,0.0
11708,11.0
11709,0.0
11710,0.0
11711,0.0
11712,16.0
11713,12.0
11714,12.0
11715,0.0
11716,0.0
11717,15.0
11718,11.0
11719,16.0
11720,12.0
11721,6.0
11722,10.0
11723,9.0
11724,0.0
11725,2.0
11726,0.0
11727,0.0
11728,13.0
11729,0.0
11730,18.0
11731,0.0
11732,0.0
11733,3.0
11734,5.0
11735,9.0
11736,0.0
11737,0.0
11738,0.0
11739,0.0
11740,14.0
11741,8.0
11742,10.0
11743,11.0
11744,0.0
11745,0.0
11746,2.0
11747,0.0
11748,0.0
11749,0.0
11750,12.0
11751,6.0
11752,3.0
11753,14.0
11754,0.0
11755,0.0
11756,0.0
11757,0.0
11758,0.0
11759,0.0
11760,0.0
11761,12.0
11762,7.0
11763,0.0
11764,0.0
11765,0.0
11766,15.0
11767,0.0
11768,0.0
11769,0.0
11770,0.0
11771,8.0
11772,0.0
11773,5.0
11774,10.0
11775,0.0
11776,14.0
11777,0.0
11778,5.0
11779,9.0
11780,8.0
11781,6.0
11782,7.0
11783,17.0
11784,0.0
11785,0.0
11786,0.0
11787,0.0
11788,0.0
11789,1.0
11790,12.0
11791,0.0
11792,0.0
11793,0.0
11794,5.0
11795,16.0
11796,9.0
11797,6.0
11798,0.0
11799,11.0
11800,13.0
11801,0.0
11802,0.0
11803,0.0
11804,10.0
11805,0.0
11806,0.0
11807,0.0
11808,2.0
11809,0.0
11810,0.0
11811,9.0
11812,12.0
11813,0.0
11814,6.0
11815,0.0
11816,0.0
11817,0.0
11818,9.0
11819,0.0
11820,0.0
11821,0.0
11822,0.0
11823,3.0
11824,6.0
11825,0.0
11826,0.0
11827,0.0
11828,13.0
11829,18.0
11830,0.0
11831,0.0
11832,3.0
11833,0.0
11834,13.0
11835,17.0
11836,0.0
11837,18.0
11838,5.0
11839,9.0
11840,0.0
11841,18.0
11842,4.0
11843,7.0
11844,2.0
11845,8.0
11846,0.0
11847,8.0
11848,0.0
11849,0.0
11850,0.0
11851,0.0
11852,12.0
11853,7.0
11854,15.0
11855,0.0
11856,9.0
11857,0.0
11858,9.0
11859,16.0
11860,0.0
11861,0.0
11862,0.0
11863,3.0
11864,0.0
11865,0.0
11866,0.0
11867,16.0
11868,0.0
11869,16.0
11870,8.0
11871,13.0
11872,10.0
11873,0.0
11874,0.0
11875,0.0
11876,9.0
11877,0.0
11878,14.0
11879,0.0
11880,2.0
11881,0.0
11882,16.0
11883,0.0
11884,0.0
11885,2.0
11886,4.0
11887,0.0
11888,11.0
11889,6.0
11890,16.0
11891,6.0
11892,0.0
11893,0.0
11894,0.0
11895,6.0
11896,2.0
11897,2.0
11898,0.0
11899,0.0
11900,0.0
11901,0.0
11902,12.0
11903,4.0
11904,0.0
11905,0.0
11906,0.0
11907,0.0
11908,0.0
11909,0.0
11910,2.0
11911,0.0
11912,16.0
11913,7.0
11914,3.0
11915,0.0
11916,0.0
11917,7.0
11918,0.0
11919,0.0
11920,0.0
11921,13.0
11922,14.0
11923,3.0
11924,0.0
11925,7.0
11926,0.0
11927,0.0
11928,17.0
11929,0.0
11930,0.0
11931,0.0
11932,0.0
11933,17.0
11934,0.0
11935,0.0
11936,5.0
11937,1.0
11938,13.0
11939,0.0
11940,9.0
11941,4.0
11942,6.0
11943,9.0
11944,0.0
11945,0.0
11946,0.0
11947,0.0
11948,12.0
11949,9.0
11950,18.0
11951,0.0
11952,16.0
11953,0.0
11954,0.0
11955,15.0
11956,6.0
11957,0.0
11958,0.0
11959,0.0
11960,0.0
11961,17.0
11962,12.0
11963,11.0
11964,0.0
11965,13.0
11966,0.0
11967,17.0
11968,0.0
11969,10.0
11970,0.0
11971,12.0
11972,7.0
11973,7.0
11974,5.0
11975,0.0
11976,8.0
11977,0.0
11978,0.0
11979,16.0
11980,15.0
11981,11.0
11982,11.0
11983,16.0
11984,0.0
11985,14.0
11986,0.0
11987,18.0
11988,0.0
11989,13.0
11990,16.0
11991,0.0
11992,5.0
11993,4.0
11994,13.0
11995,0.0
11996,0.0
11997,16.0
11998,0.0
11999,15.0
12000,5.0
12001,1.0
12002,5.0
12003,8.0
12004,13.0
12005,0.0
12006,0.0
12007,0.0
12008,13.0
12009,3.0
12010,0.0
12011,15.0
12012,0.0
12013,0.0
12014,1.0
12015,11.0
12016,9.0
12017,0.0
12018,10.0
12019,9.0
12020,0.0
12021,0.0
12022,0.0
12023,6.0
12024,3.0
12025,0.0
12026,9.0
12027,4.0
12028,0.0
12029,17.0
12030,5.0
12031,0.0
12032,7.0
12033,0.0
12034,0.0
12035,2.0
12036,0.0
12037,7.0
12038,9.0
12039,0.0
12040,0.0
12041,0.0
12042,1.0
12043,6.0
12044,0.0
12045,0.0
12046,18.0
12047,12.0
12048,0.0
12049,0.0
12050,0.0
12051,0.0
12052,5.0
12053,4.0
12054,0.0
12055,15.0
12056,0.0
12057,13.0
12058,5.0
12059,0.0
12060,9.0
12061,12.0
12062,17.0
12063,12.0
12064,11.0
12065,5.0
12066,0.0
12067,0.0
12068,0.0
12069,0.0
12070,4.0
12071,0.0
12072,0.0
12073,1.0
12074,18.0
12075,13.0
12076,7.0
12077,11.0
12078,0.0
12079,1.0
12080,6.0
12081,0.0
12082,0.0
12083,12.0
12084,0.0
12085,16.0
12086,0.0
12087,6.0
12088,8.0
12089,3.0
12090,2.0
12091,0.0
12092,18.0
12093,0.0
12094,2.0
12095,9.0
12096,0.0
12097,9.0
12098,13.0
12099,0.0
12100,0.0
12101,16.0
12102,0.0
12103,0.0
12104,0.0
12105,1.0
12106,3.0
12107,0.0
12108,8.0
12109,0.0
12110,0.0
12111,9.0
12112,17.0
12113,0.0
12114,1.0
12115,13.0
12116,0.0
12117,0.0
12118,0.0
12119,9.0
12120,1.0
12121,17.0
12122,2.0
12123,0.0
12124,0.0
12125,12.0
12126,0.0
12127,4.0
12128,0.0
12129,18.0
12130,0.0
12131,18.0
12132,0.0
12133,0.0
12134,18.0
12135,6.0
12136,0.0
12137,14.0
12138,0.0
12139,3.0
12140,0.0
12141,1.0
12142,10.0
12143,13.0
12144,5.0
12145,18.0
12146,2.0
12147,0.0
12148,15.0
12149,18.0
12150,17.0
12151,7.0
12152,0.0
12153,1.0
12154,0.0
12155,5.0
12156,0.0
12157,0.0
12158,0.0
12159,13.0
12160,9.0
12161,11.0
12162,0.0
12163,9.0
12164,11.0
12165,0.0
12166,0.0
12167,7.0
12168,0.0
12169,11.0
12170,0.0
12171,12.0
12172,9.0
12173,13.0
12174,15.0
12175,13.0
12176,0.0
12177,0.0
12178,18.0
12179,12.0
12180,17.0
12181,9.0
12182,1.0
12183,4.0
12184,17.0
12185,0.0
12186,15.0
12187,13.0
12188,14.0
12189,0.0
12190,0.0
12191,16.0
12192,10.0
12193,0.0
12194,3.0
12195,13.0
12196,0.0
12197,0.0
12198,11.0
12199,0.0
12200,5.0
12201,0.0
12202,3.0
12203,0.0
12204,12.0
12205,10.0
12206,0.0
12207,0.0
12208,6.0
12209,4.0
12210,0.0
12211,7.0
12212,16.0
12213,2.0
12214,16.0
12215,10.0
12216,9.0
12217,14.0
12218,11.0
12219,5.0
12220,16.0
12221,11.0
12222,9.0
12223,0.0
12224,2.0
12225,0.0
12226,8.0
12227,15.0
12228,5.0
12229,13.0
12230,2.0
12231,12.0
12232,0.0
12233,0.0
